opened,closed,side,entry,qty_each,entry_type,entry_exec,gross_pnl,slippage,fees,interest,pnl,pnl_pct,days_held,reason
2020-01-04 00:00:00,2020-01-10 08:25:00,LONG,7345.0,2.3413,cross,maker,1506.24331030848,6.017980276340432,52.715714497524104,0.0,1447.5096155346155,1.4475096155346154,6.350694444444445,trail/breakeven stop
2020-01-15 00:00:00,2020-01-19 11:00:00,LONG,8814.64,1.986,vol-refresh,maker,676.326335453871,103.9719935039992,52.9468908764624,0.0,519.4074510734094,0.5119962560361094,4.458333333333333,trail/breakeven stop
2020-01-20 00:00:00,2020-01-24 00:00:00,LONG,8701.72,1.9059,vol-refresh,maker,-1132.8669599999957,13.16386833359902,48.8943013227498,0.0,-1194.9251296563446,-1.1718753141038691,4.0,reverse signal
2020-01-28 00:00:00,2020-02-15 15:50:00,LONG,8907.57,2.0015,cross,maker,2512.840455069642,79.96740916670151,55.310158849427204,0.0,2377.562887053513,2.3593489037519895,18.65972222222222,trail/breakeven stop
2020-02-16 00:00:00,2020-02-18 00:00:00,LONG,9904.46,1.9048,vol-refresh,maker,-756.0532159999967,25.04659615999969,56.012221364880006,0.0,-837.1120335248764,-0.8115517657377826,2.0,reverse signal
2020-02-18 00:00:00,2020-02-19 00:00:00,SHORT,9706.0,1.8182,reverse-reentry,maker,-1668.3075920000024,18.732834599199165,54.2076279199494,4.336610233595952,-1745.584664752747,-1.7061313532777516,1.0,reverse signal
2020-02-19 00:00:00,2020-02-19 21:45:00,LONG,10164.78,1.691,reverse-reentry,maker,-2011.411156790338,197.45808348032256,49.90927700979701,0.0,-2258.7785172804574,-2.2460466195101354,0.90625,initial stop
2020-02-21 00:00:00,2020-02-24 00:00:00,SHORT,9597.21,1.5497,vol-refresh,maker,-1051.2854860000018,16.45979761600469,45.419197973712,10.90060751369088,-1124.0650891034093,-1.143410687687591,3.0,reverse signal
2020-02-27 00:00:00,2020-03-05 19:55:00,SHORT,8786.0,1.5353,vol-refresh,maker,-1102.2853543100655,13.733252495432843,41.30445135510413,25.88412284919859,-1183.2071810098012,-1.2174915667579194,7.829861111111111,trail/breakeven stop
2020-03-06 00:00:00,2020-03-13 13:30:00,SHORT,9054.64,1.6442,vol-refresh,maker,6052.714773992618,53.34321580852959,40.16338859536194,15.552373413759854,5943.655796174967,6.191256053949474,7.5625,trail/breakeven stop
2020-03-20 00:00:00,2020-03-24 00:00:00,SHORT,6162.05,0.8995,vol-refresh,maker,-545.4567999999997,21.73286447500055,17.05368417335625,5.457178935474,-589.7005275838304,-0.578452727546135,4.0,reverse signal
2020-04-03 00:00:00,2020-04-10 15:15:00,LONG,6793.86,1.0896,vol-refresh,maker,675.7499497787052,6.7319693855995535,22.709533053294827,0.0,646.3084473398108,0.6376695388714296,7.635416666666667,trail/breakeven stop
2020-04-11 00:00:00,2020-04-16 00:00:00,LONG,6858.92,1.3201,vol-refresh,maker,-627.4963340000002,28.23990922500104,26.67157869358125,0.0,-682.4078219185825,-0.6690202513222042,5.0,reverse signal
2020-04-17 00:00:00,2020-04-21 00:00:00,LONG,7101.99,1.4486,cross,maker,-790.9645720000007,15.004303285600342,30.259351485535802,0.0,-836.2282267711369,-0.825344709546236,4.0,reverse signal
2020-04-21 00:00:00,2020-04-23 00:00:00,SHORT,6828.98,1.59,reverse-reentry,maker,-941.7252000000011,14.343428159999476,33.29128607112,5.3266057713792,-994.6865200024997,-0.9899108435691386,2.0,reverse signal
2020-04-24 00:00:00,2020-05-10 00:15:00,LONG,7483.96,1.5716,vol-refresh,maker,3444.9792721323856,119.16719167475918,37.779733668343226,0.0,3288.032346789283,3.304962065018592,16.010416666666668,trail/breakeven stop
2020-05-11 00:00:00,2020-05-14 00:00:00,SHORT,8722.77,1.2651,cross,maker,-1484.1647159999995,12.850721336998852,34.228290559002744,8.214789734160659,-1539.4585176301619,-1.4978806340972306,3.0,reverse signal
2020-05-15 00:00:00,2020-05-21 18:00:00,LONG,9791.97,1.1747,vol-refresh,maker,-1983.7710622396348,27.776391525573466,32.99922088667609,0.0,-2044.5466746518844,-2.019578178961926,6.75,trail/breakeven stop
2020-05-22 00:00:00,2020-05-23 00:00:00,SHORT,9067.51,1.1711,cross,maker,-240.05207799999948,5.192657400001296,32.04081643455,2.563265314764,-279.8488171493148,-0.28212905288111206,1.0,reverse signal
2020-05-29 00:00:00,2020-06-02 14:45:00,LONG,9575.87,1.3238,cross,maker,659.4298948595057,99.53200387060019,38.44953353624169,0.0,521.4483574526638,0.5271845107073354,4.614583333333333,trail/breakeven stop
2020-06-12 00:00:00,2020-06-17 00:00:00,SHORT,9278.88,1.4444,cross,maker,-716.6823920000004,8.65396949360084,40.751245087120196,16.300498034848076,-782.3881046155694,-0.7868465725881584,5.0,reverse signal
2020-06-17 00:00:00,2020-06-19 00:00:00,LONG,9526.97,1.6001,reverse-reentry,maker,-450.1081299999988,9.189796726401019,45.3878406459552,0.0,-504.68576737235503,-0.5115871440644965,2.0,reverse signal
2020-06-23 00:00:00,2020-06-25 00:00:00,LONG,9685.69,1.8048,cross,maker,-1398.2146560000022,11.055601996799837,51.3852472425024,0.0,-1460.6555052393044,-1.4882430471318868,2.0,reverse signal
2020-06-25 01:00:00,2020-07-01 15:55:00,SHORT,9268.188955,1.8153,reverse-reentry,taker,652.8060414649203,14.966983118004407,49.99525093627431,18.90645035866232,568.9373570519793,0.5884403546419799,6.621527777777778,trail/breakeven stop
2020-07-03 00:20:00,2020-07-07 00:00:00,SHORT,9086.54,2.0877,vol-refresh,maker,-1068.6101219999937,10.406128123800558,57.71917086159284,18.470134675709712,-1155.2055556610967,-1.1878160577359334,3.986111111111111,reverse signal
2020-07-07 00:00:00,2020-07-17 00:00:00,LONG,9342.47,2.2506,reverse-reentry,maker,-939.6254999999999,7.770745646396279,62.367941761765195,0.0,-1009.7641874081614,-1.050749976304098,10.0,reverse signal
2020-07-17 00:00:00,2020-07-22 00:00:00,SHORT,9133.72,2.7908,reverse-reentry,maker,-1430.4524480000036,12.396733599997482,77.55329421420001,31.02131768568,-1551.4237934998812,-1.6315386483843433,5.0,reverse signal
2020-07-22 00:00:00,2020-08-02 04:35:00,LONG,9390.0,3.0871,reverse-reentry,maker,6295.921197271362,262.9367734827915,91.48834531784142,0.0,5941.496078470729,6.351946838373709,11.190972222222221,trail/breakeven stop
2020-08-06 00:00:00,2020-08-11 20:30:00,LONG,11744.91,1.3649,vol-refresh,maker,-1510.5748789820088,32.22298104390464,46.934784581980566,0.0,-1589.732644607894,-1.5980475143119426,5.854166666666667,trail/breakeven stop
2020-08-14 00:00:00,2020-08-19 04:15:00,LONG,11779.77,1.3249,vol-refresh,maker,652.6428147445289,21.432876827298898,47.29445927243792,0.0,583.9154786447921,0.5965019497984577,5.177083333333333,trail/breakeven stop
2020-08-20 00:00:00,2020-08-21 00:00:00,SHORT,11754.38,1.3968,cross,maker,-277.01337600000465,12.371049734399083,49.4725922713008,3.9578073817040647,-342.81482538740863,-0.3481277119336212,1.0,reverse signal
2020-08-22 00:00:00,2020-09-01 15:20:00,SHORT,11531.23,1.4608,cross,maker,-1243.2439436689945,17.33875095116847,51.47989937296512,43.92951413159691,-1355.992108124725,-1.381817535681934,10.63888888888889,trail/breakeven stop
2020-09-02 00:00:00,2020-09-02 11:10:00,LONG,11921.97,1.6847,cross,maker,-1935.5781229573224,53.32665555950353,58.763149993112386,0.0,-2047.6679285099383,-2.115904546687676,0.4652777777777778,initial stop
2020-09-03 00:00:00,2020-09-15 11:15:00,SHORT,11388.54,1.5315,cross,maker,1416.3043703758428,6.566478101320801,51.267343610794114,26.691848129494044,1331.7787005342338,1.4059066220229188,12.46875,trail/breakeven stop
2020-09-22 00:00:00,2020-09-25 00:00:00,SHORT,10417.22,1.488,cross,maker,-949.6713600000018,11.402939807999354,47.223275804856,11.333586193165438,-1019.6311618060225,-1.0614615310541775,3.0,reverse signal
2020-09-25 00:00:00,2020-10-02 00:00:00,LONG,10736.33,1.4809,reverse-reentry,maker,-347.1229600000022,11.038370923395865,47.42967229280746,0.0,-405.59100321620554,-0.42676027055711,7.0,reverse signal
2020-10-02 00:00:00,2020-10-05 00:00:00,SHORT,10619.13,1.7376,reverse-reentry,maker,-165.03724800000558,10.719817382403882,55.4872186630368,13.316932479128832,-244.5612165245751,-0.2584286252267974,3.0,reverse signal
2020-10-07 00:00:00,2020-10-28 14:05:00,LONG,10599.65,1.9978,vol-refresh,maker,5437.373512815811,24.656117909020324,67.5874803561801,0.0,5345.129914550611,5.662850423727907,21.586805555555557,trail/breakeven stop
2020-11-04 00:00:00,2020-11-07 19:30:00,LONG,14023.53,1.2917,vol-refresh,maker,1504.7937665614359,27.049971483775618,55.45088894930825,0.0,1422.2929061283521,1.426078875905703,3.8125,trail/breakeven stop
2020-11-10 00:00:00,2020-11-26 03:30:00,LONG,15328.41,0.9328,vol-refresh,maker,3047.5742047232966,86.37565061940902,45.11592145957791,0.0,2916.08263264431,2.8827348157356223,16.145833333333332,trail/breakeven stop
2020-11-27 00:00:00,2020-11-29 00:00:00,SHORT,17149.47,0.6938,cross,maker,-791.4454119999986,10.784404998398703,36.2965792207488,5.807452675319809,-844.3338488944659,-0.8112908297453317,2.0,reverse signal
2020-12-01 00:00:00,2020-12-01 13:10:00,LONG,19695.87,0.6617,vol-refresh,maker,-2064.830198207826,70.15285481598096,37.497034247232136,0.0,-2172.480087271039,-2.104533933918671,0.5486111111111112,initial stop
2020-12-10 00:00:00,2020-12-12 00:00:00,LONG,18541.29,0.6906,vol-refresh,maker,-697.1745120000029,15.891607923600228,37.879045032057306,0.0,-750.9451649556604,-0.7430974575343322,2.0,reverse signal
2020-12-12 00:00:00,2020-12-13 00:00:00,SHORT,18036.53,0.7148,reverse-reentry,maker,-1103.8799359999998,12.766140722399426,39.5150194895418,3.1612015591633438,-1159.3222977711043,-1.155795557007109,1.0,reverse signal
2020-12-16 00:00:00,2020-12-21 12:10:00,LONG,19426.43,0.7758,vol-refresh,maker,2807.2727427297937,60.237996434654235,47.27334924172136,0.0,2699.761397053418,2.723021087898911,5.506944444444445,trail/breakeven stop
2020-12-27 00:00:00,2020-12-27 20:45:00,LONG,26493.4,0.5197,vol-refresh,maker,678.9762279407905,24.827804797999864,41.7964712573571,0.0,612.3519518854336,0.6012553370382846,0.8645833333333334,trail/breakeven stop
2021-01-03 00:00:00,2021-01-04 07:15:00,LONG,32176.45,0.4234,vol-refresh,maker,683.1063690783916,31.750615692999084,41.35904360503905,0.0,609.9967097803535,0.5953631224390082,1.3020833333333333,trail/breakeven stop
2021-01-11 00:00:00,2021-01-11 03:35:00,LONG,38150.02,0.2398,vol-refresh,maker,-2061.7805969898072,51.10239009950247,25.860462147683016,0.0,-2138.7434492369925,-2.0750815431023786,0.14930555555555555,initial stop
2021-01-13 01:00:00,2021-01-13 21:50:00,SHORT,32475.831307,0.2049,cross,taker,-1997.8128606004282,37.910145268858585,21.489685758814865,1.5042780031170409,-2058.716969631219,-2.039763898435617,0.8680555555555556,initial stop
2021-01-14 00:00:00,2021-01-17 10:00:00,LONG,37371.38,0.1916,cross,maker,-1296.2990144801677,24.48565818015109,20.49048071950476,0.0,-1341.2751533798237,-1.3565984389297703,3.4166666666666665,trail/breakeven stop
2021-01-22 00:00:00,2021-01-29 08:55:00,SHORT,30851.99,0.1886,vol-refresh,maker,-1654.4336369649106,65.65498242649645,18.746122406543556,11.0602122198607,-1749.8949540178112,-1.7942269368413692,7.371527777777778,trail/breakeven stop
2021-01-30 00:00:00,2021-02-01 00:00:00,LONG,34246.28,0.1807,cross,maker,-416.80623399999917,13.092906535800534,18.242484032598153,0.0,-448.14162456839784,-0.467889887779349,2.0,reverse signal
2021-02-07 00:00:00,2021-02-22 13:55:00,LONG,39181.01,0.212,vol-refresh,maker,3423.714834623624,12.571021333092183,27.4774802199679,0.0,3383.666333070564,3.5493816020878706,15.57986111111111,trail/breakeven stop
2021-02-23 00:00:00,2021-02-23 08:15:00,LONG,54087.67,0.1711,vol-refresh,maker,-1975.3729141801525,23.695471375980972,26.2638997218329,0.0,-2025.3322852779665,-2.051700383903713,0.34375,initial stop
2021-02-24 00:00:00,2021-03-01 15:30:00,SHORT,48891.0,0.1522,cross,maker,644.8926680839171,3.90379302000036,21.842888943702064,7.054604108095052,612.0913820121197,0.6330485491692648,5.645833333333333,trail/breakeven stop
2021-03-11 00:00:00,2021-03-15 09:20:00,LONG,55851.59,0.1696,vol-refresh,maker,649.0319887779667,40.036311766400814,28.874035749758672,0.0,580.1216412618072,0.596209910274232,4.388888888888889,trail/breakeven stop
2021-03-16 00:00:00,2021-03-21 09:40:00,LONG,55605.2,0.1634,vol-refresh,maker,652.8077289796037,25.72087896799961,27.727984177508702,0.0,599.3588658340954,0.6123298613719018,5.402777777777778,trail/breakeven stop
2021-03-25 00:00:00,2021-03-29 00:00:00,SHORT,52303.66,0.1699,vol-refresh,maker,-1180.4618019999991,6.446945547002002,27.549357062660253,8.81579426005128,-1223.2738988697126,-1.2421413188194639,4.0,reverse signal
2021-03-30 00:00:00,2021-04-18 00:00:00,LONG,57635.46,0.1806,vol-refresh,maker,1076.9483883759456,5.99604046019952,32.03010648893681,0.0,1038.9222414268093,1.0682150152411825,19.0,reverse signal
2021-04-19 00:00:00,2021-04-26 17:20:00,SHORT,56150.01,0.1964,vol-refresh,maker,1017.7310358603827,8.281325506178941,32.32649860923435,14.10389034479043,963.0193214001789,0.9797066128503408,7.722222222222222,trail/breakeven stop
2021-04-27 00:00:00,2021-05-01 00:00:00,SHORT,54001.38,0.1817,vol-refresh,maker,-1343.079158000001,15.551966464998658,30.45512558134875,9.745640186031599,-1398.83189023238,-1.4092643279895138,4.0,reverse signal
2021-05-05 00:00:00,2021-05-10 20:05:00,LONG,53205.05,0.1977,vol-refresh,maker,775.7256553152797,38.19265100246646,32.109064908234615,0.0,705.4239394045786,0.7208435567942475,5.836805555555555,trail/breakeven stop
2021-05-11 00:00:00,2021-05-12 00:00:00,SHORT,55816.14,0.1861,cross,maker,-317.814135999999,17.71746514439986,31.413799662858295,2.513103973028664,-369.4585047802858,-0.3748324148696335,1.0,reverse signal
2021-05-13 00:00:00,2021-06-03 00:00:00,SHORT,49537.15,0.1687,cross,maker,2674.038401010821,7.6056485316002576,23.070927050640584,22.178367047902356,2621.183458380678,2.6693149954892443,21.0,reverse signal
2021-06-09 00:00:00,2021-06-10 00:00:00,SHORT,33380.8,0.1798,vol-refresh,maker,-1441.0070999999998,16.162151877999705,19.0984804589085,1.5278784367126803,-1477.7956107736206,-1.4658047189975851,1.0,reverse signal
2021-06-10 00:00:00,2021-06-17 20:05:00,LONG,37388.05,0.1726,reverse-reentry,maker,662.4951460170772,5.70370594300027,19.85212587005556,0.0,636.9393142040213,0.6411694556661409,7.836805555555555,trail/breakeven stop
2021-06-19 00:05:00,2021-06-29 12:05:00,SHORT,35820.48,0.205,cross,maker,666.6774805519788,11.227859839999692,21.53800798446602,11.187214942123303,622.7243977853897,0.6228665031431286,10.5,trail/breakeven stop
2021-07-16 00:00:00,2021-07-21 14:55:00,SHORT,31874.49,0.3201,vol-refresh,maker,670.7244976802432,3.4457001248994947,30.10861364883349,11.822035291947094,625.348148614563,0.6216189962062242,5.621527777777778,trail/breakeven stop
2021-07-22 00:00:00,2021-08-02 20:05:00,LONG,32144.51,0.3421,cross,maker,2975.607674325001,14.709940701932723,35.2105839132173,0.0,2925.687149709851,2.8902738437411517,11.836805555555555,trail/breakeven stop
2021-08-06 00:00:00,2021-08-19 03:30:00,LONG,40862.46,0.2955,vol-refresh,maker,1645.1025850996093,8.531062373820914,37.45199943204434,0.0,1599.119523293744,1.5353864757822597,13.145833333333334,trail/breakeven stop
2021-08-21 00:00:00,2021-08-27 00:00:00,LONG,49322.47,0.2857,vol-refresh,maker,-1416.2777540000004,14.982328560400498,41.2008439750797,0.0,-1472.4609265354807,-1.3923971902519408,6.0,reverse signal
2021-09-01 00:00:00,2021-09-02 00:00:00,SHORT,47100.89,0.3209,vol-refresh,maker,-1097.2341160000017,18.420976331800137,46.18076812224886,3.6944614497799084,-1165.5303219038306,-1.117718745123539,1.0,reverse signal
2021-09-02 00:00:00,2021-09-07 14:45:00,LONG,48810.51,0.3124,reverse-reentry,maker,890.6229780455099,46.21084983652372,46.37851906815674,0.0,798.0336091408294,0.7739477872140414,5.614583333333333,trail/breakeven stop
2021-09-08 00:00:00,2021-09-13 13:45:00,SHORT,46868.57,0.2564,cross,maker,693.0007957986122,20.50580973480126,35.54693280445214,12.1430376819564,624.8050155774024,0.6012937861029027,5.572916666666667,trail/breakeven stop
2021-09-14 00:00:00,2021-09-16 00:00:00,SHORT,44940.72,0.2696,vol-refresh,maker,-1715.022656,9.293187487998408,37.641291218616,6.022606594978559,-1767.979741301593,-1.6912816109706212,2.0,reverse signal
2021-09-21 00:00:00,2021-09-21 02:50:00,SHORT,43016.64,0.2769,vol-refresh,maker,685.3000735790578,6.865088661598127,35.225096609311905,0.23656439030101434,642.9733239178466,0.6256616896830585,0.11805555555555555,trail/breakeven stop
2021-09-24 00:00:00,2021-09-24 11:15:00,LONG,44865.26,0.2658,cross,maker,-2068.850194235065,32.44107700217567,34.19958987057207,0.0,-2135.4908611078126,-2.0650737973361752,0.46875,initial stop
2021-09-25 00:00:00,2021-10-01 08:05:00,SHORT,42810.58,0.2471,cross,maker,-1037.614435097555,9.588476507107293,32.5208851377035,16.585651420228782,-1096.3094481625947,-1.0825137352929888,6.336805555555555,trail/breakeven stop
2021-10-02 00:00:00,2021-10-22 14:00:00,LONG,48141.6,0.2438,cross,maker,3932.0918050680743,25.529772174016568,38.140687764670545,0.0,3868.421345129387,3.8615437375769965,20.583333333333332,trail/breakeven stop
2021-10-28 00:00:00,2021-11-02 09:45:00,SHORT,58413.44,0.226,vol-refresh,maker,-2081.0155780744076,26.886653045805083,41.185238993340164,17.846936897114073,-2166.9344070106667,-2.082659056856691,5.40625,initial stop
2021-11-03 00:00:00,2021-11-06 00:00:00,LONG,63220.57,0.2222,cross,maker,-1013.4053159999999,7.277057999199475,41.3773201815006,0.0,-1062.0596941806998,-1.0424655935555507,3.0,reverse signal
2021-11-09 00:00:00,2021-11-10 21:20:00,LONG,67525.82,0.2323,vol-refresh,maker,-2016.9794617459643,113.1182292510279,45.461170689752265,0.0,-2175.5588616867444,-2.1579171900228027,1.8888888888888888,initial stop
2021-11-13 00:00:00,2021-11-14 00:00:00,SHORT,64122.22,0.22,cross,maker,-113.42760000000038,7.688120439996128,42.411501990329995,3.3929201592264,-166.9201425895529,-0.16921817015984056,1.0,reverse signal
2021-11-17 00:00:00,2021-11-29 17:15:00,SHORT,60058.87,0.2191,vol-refresh,maker,1045.1335491473903,14.840878248564776,38.70397574782588,22.47763201955256,969.111063131447,0.9841183426208575,12.71875,trail/breakeven stop
2021-12-01 00:00:00,2021-12-02 00:00:00,SHORT,56950.56,0.2214,vol-refresh,maker,-103.3982280000009,12.857763819601525,37.9137539458647,3.033100315669176,-157.2028460811363,-0.15808151938868176,1.0,reverse signal
2021-12-02 00:00:00,2021-12-03 00:00:00,LONG,57184.07,0.2232,reverse-reentry,maker,-312.395183999999,8.759897366399237,38.049586960975205,0.0,-359.20466832737344,-0.3617843295649402,1.0,reverse signal
2021-12-04 00:00:00,2021-12-22 00:00:00,SHORT,53601.05,0.2137,vol-refresh,maker,1666.9203894877335,3.4082497982997806,33.11599905023293,23.93576700200357,1606.4603736371973,1.6238722312665952,18.0,reverse signal
2021-12-22 00:00:00,2021-12-28 04:15:00,LONG,48887.59,0.2331,reverse-reentry,maker,670.4599538088421,23.718101922900534,34.67214807591446,0.0,612.069703810027,0.608817296525931,6.177083333333333,trail/breakeven stop
2021-12-29 00:00:00,2022-01-26 19:00:00,SHORT,47543.74,0.266,cross,maker,3067.672255863626,25.155783303485734,35.6580171655799,51.173958307247524,2955.6844970873126,2.922187837863776,28.791666666666668,trail/breakeven stop
2022-02-05 00:00:00,2022-02-14 01:30:00,LONG,41571.7,0.3087,vol-refresh,maker,694.2001489182646,11.131774478999077,39.01185265082944,0.0,644.0565217884362,0.6186785058368078,9.0625,trail/breakeven stop
2022-02-18 00:00:00,2022-02-26 00:40:00,SHORT,40515.71,0.33,cross,maker,844.7024360684476,22.034833049575248,39.493552197735845,16.553231791360282,766.6208190297762,0.7318853359394516,8.027777777777779,trail/breakeven stop
2022-03-01 00:00:00,2022-03-04 15:15:00,LONG,43160.0,0.2715,cross,maker,-1399.7165296402632,19.16747934703694,34.089656993259524,0.0,-1452.9736659805596,-1.377061122073819,3.6354166666666665,trail/breakeven stop
2022-03-05 00:00:00,2022-03-09 04:10:00,SHORT,39148.65,0.2658,cross,maker,-1330.316559596979,20.320469889956602,32.2301112821152,10.850804131645452,-1393.7179449006962,-1.3393448928545457,4.173611111111111,trail/breakeven stop
2022-03-10 00:00:00,2022-03-11 00:00:00,LONG,41941.7,0.2754,cross,maker,-1387.8452519999971,9.298716310800192,33.604374563766896,0.0,-1430.7483428745643,-1.3935956782127037,1.0,reverse signal
2022-03-11 00:00:00,2022-03-16 02:05:00,SHORT,39422.01,0.2638,reverse-reentry,maker,-992.7653172336437,94.82996257932275,32.01427517385973,13.125852821282487,-1132.7354078081087,-1.1189144768141295,5.086805555555555,trail/breakeven stop
2022-03-17 00:00:00,2022-04-01 02:25:00,LONG,41114.01,0.2835,cross,maker,1681.3484771355108,7.558111144469748,36.22280827949328,0.0,1637.567557711548,1.635891203169866,15.100694444444445,trail/breakeven stop
2022-04-07 00:00:00,2022-04-20 11:50:00,SHORT,43170.47,0.358,cross,maker,1034.9535672862316,6.919229381419762,45.59405902657139,32.7653413664999,949.6749375117407,0.9334328233842818,13.493055555555555,trail/breakeven stop
2022-04-22 00:00:00,2022-04-25 22:45:00,SHORT,40480.01,0.3847,cross,maker,684.7508006015876,12.443891284697935,46.21374935901233,12.959022674550328,613.134137283327,0.5970745283480348,3.9479166666666665,trail/breakeven stop
2022-04-26 00:00:00,2022-05-25 00:00:00,SHORT,40426.08,0.4056,vol-refresh,maker,5057.737775519788,3.4323729648007255,45.39972509208377,50.749170388817966,4958.156507074085,4.799631861054198,29.0,reverse signal
2022-05-27 00:00:00,2022-05-30 20:25:00,SHORT,29201.35,0.3923,cross,maker,-1655.9332979493283,44.70587205079717,35.642548192500094,11.04918993967503,-1747.3309081323005,-1.6139983940608469,3.8506944444444446,trail/breakeven stop
2022-05-31 00:00:00,2022-06-02 00:00:00,LONG,31734.23,0.4081,cross,maker,-1573.9519179999998,10.015250660798412,37.66424241250441,0.0,-1621.6314110733024,-1.5224631018860502,2.0,reverse signal
2022-06-02 00:00:00,2022-06-03 00:00:00,SHORT,29805.84,0.3948,reverse-reentry,maker,-510.70538400000066,8.649486064799706,35.6915530485486,2.8553242438838873,-557.9017473572328,-0.5318818515855717,1.0,reverse signal
2022-06-07 00:00:00,2022-06-09 00:00:00,LONG,31373.1,0.4429,cross,maker,-1034.9067139999984,10.304048126602513,40.901529898405045,0.0,-1086.112292025006,-1.0409941228383386,2.0,reverse signal
2022-06-09 00:00:00,2022-06-28 00:00:00,SHORT,30204.77,0.4256,reverse-reentry,maker,4715.568816102937,2.6362757791996585,35.03075093075719,28.53767073345259,4649.364118659528,4.5031020031964655,19.0,reverse signal
2022-07-02 00:00:00,2022-07-07 00:00:00,SHORT,19279.8,0.4669,cross,maker,-1199.662197999999,9.82773234380106,27.91233330775785,11.164933323103142,-1248.567196974661,-1.1571801193404305,5.0,reverse signal
2022-07-07 00:00:00,2022-07-11 01:20:00,LONG,20564.51,0.5151,reverse-reentry,maker,711.0930508480702,12.24724991009892,32.30247165370348,0.0,666.5433292842678,0.6249888976106485,4.055555555555555,trail/breakeven stop
2022-07-12 00:00:00,2022-07-16 00:00:00,SHORT,19963.61,0.5553,cross,maker,-962.2571580000003,11.621322842397399,33.9877867596318,10.876091763082178,-1018.7423593651117,-0.9492977143581266,4.0,reverse signal
2022-07-19 00:00:00,2022-07-21 14:25:00,LONG,22432.58,0.56,vol-refresh,maker,708.697249840888,10.325984480001209,38.210512849020674,0.0,660.1607525118661,0.6210552150378114,2.6006944444444446,trail/breakeven stop
2022-07-26 00:00:00,2022-07-27 19:25:00,SHORT,21310.9,0.5615,cross,maker,-2000.4807532954312,34.28544514532718,37.424285698830566,5.488895235828484,-2077.6793793754173,-1.9425409090593477,1.8090277777777777,trail/breakeven stop
2022-07-28 00:00:00,2022-08-01 11:05:00,LONG,22954.31,0.544,cross,maker,699.2725203318197,6.121866464000545,37.98129691040087,0.0,655.1693569574184,0.6246900454814418,4.461805555555555,trail/breakeven stop
2022-08-06 00:00:00,2022-08-17 19:10:00,LONG,23313.56,0.6244,cross,maker,703.6728227229324,12.104216286399291,44.1896370468274,0.0,647.3789693897057,0.6134300402507339,11.79861111111111,trail/breakeven stop
2022-08-18 00:00:00,2022-09-09 04:00:00,SHORT,23342.66,0.6825,cross,maker,2937.586861244487,26.727090475839997,45.61095152192351,41.86199646162945,2823.3868227850935,2.65901557770559,22.166666666666668,trail/breakeven stop
2022-09-10 00:00:00,2022-09-13 12:50:00,LONG,21361.62,0.774,cross,maker,726.740657870314,26.653589388001382,50.12674694136173,0.0,649.9603215409509,0.5962662769574021,3.5347222222222223,trail/breakeven stop
2022-09-14 00:00:00,2022-09-27 02:55:00,SHORT,20173.62,0.7013,cross,maker,846.9844417503382,19.82563077304296,41.82291000976703,30.683103216251624,754.6527977512766,0.6882064323643333,13.121527777777779,trail/breakeven stop
2022-09-29 00:00:00,2022-10-03 00:00:00,LONG,19412.82,0.727,cross,maker,-516.2863199999973,11.015175396001192,41.943884298453,0.0,-569.2453796944515,-0.5155757123966958,4.0,reverse signal
2022-10-14 00:00:00,2022-10-15 00:00:00,LONG,19375.58,0.9741,cross,maker,-387.00993000000284,6.98954350260255,56.32575782887305,0.0,-450.32523133147845,-0.40998137339299556,1.0,reverse signal
2022-10-15 00:00:00,2022-10-18 00:00:00,SHORT,19176.93,0.9583,reverse-reentry,maker,-712.1127299999986,13.559653676800387,55.6760103447576,13.362242482741827,-794.7106365042985,-0.726492369660241,3.0,reverse signal
2022-10-19 00:00:00,2022-10-20 00:00:00,LONG,19327.44,1.0626,vol-refresh,maker,-433.73206800000025,8.405877941997323,61.28040977254349,0.0,-503.4183557145411,-0.4635725495437081,1.0,reverse signal
2022-10-21 00:00:00,2022-10-22 00:00:00,SHORT,19041.92,1.1278,vol-refresh,maker,-276.1982200000016,9.988782497196992,64.6410723798729,5.171285790389831,-355.9993606674613,-0.3293486089496806,1.0,reverse signal
2022-10-22 00:00:00,2022-11-08 03:20:00,LONG,19164.37,1.129,reverse-reentry,maker,2066.8158835318295,17.331145568449447,66.44683474347252,0.0,1983.0379032199078,1.8406462659887088,17.13888888888889,trail/breakeven stop
2022-11-09 00:00:00,2022-11-10 13:30:00,SHORT,18545.38,0.882,cross,maker,1742.2400505970513,111.94868416860655,47.848356955178666,3.8220159189556426,1578.6209935543104,1.438785479856286,1.5625,trail/breakeven stop
2022-11-29 00:00:00,2022-11-30 00:00:00,SHORT,16212.18,1.1066,cross,maker,-510.65163599999903,9.583800041196453,54.211371741030895,4.336909739282472,-578.7837175215088,-0.5200324403833217,1.0,reverse signal
2022-11-30 00:00:00,2022-12-16 00:00:00,LONG,16442.91,1.1275,reverse-reentry,maker,1768.764324807289,6.426407239999635,56.93989651317546,0.0,1705.398021054114,1.5402962254868047,16.0,reverse signal
2022-12-16 00:00:00,2023-01-04 00:00:00,SHORT,17356.96,1.4222,reverse-reentry,maker,1718.479986625779,3.7596781430030246,72.76916530463792,57.248005072036435,1584.7031381061017,1.4095743502738658,19.0,reverse signal
2023-01-04 00:00:00,2023-01-30 20:20:00,LONG,16675.65,2.3237,reverse-reentry,maker,14562.906115015183,49.25213904094906,127.13286419698069,0.0,14386.521111777252,12.618766319754538,26.84722222222222,trail/breakeven stop
2023-02-02 00:00:00,2023-02-06 00:00:00,LONG,23731.41,1.0743,vol-refresh,maker,-1715.6571000000001,15.324440442603684,75.18572513366804,0.0,-1806.1672655762718,-1.406722105274567,4.0,reverse signal
2023-02-08 00:00:00,2023-02-15 12:20:00,SHORT,23242.42,1.1692,vol-refresh,maker,1421.3575635993095,31.035079318826384,80.48237052878963,28.09160994835695,1281.7485038033365,1.0125252411495638,7.513888888888889,trail/breakeven stop
2023-02-16 00:00:00,2023-02-16 22:30:00,LONG,24322.87,1.05,cross,maker,852.4885073858277,36.98655135000117,77.22866696702687,0.0,738.2732890687996,0.5773577061947888,0.9375,trail/breakeven stop
2023-02-21 00:00:00,2023-02-24 15:40:00,LONG,24843.89,0.9174,vol-refresh,maker,-2572.231120309463,22.388592225164707,66.42938927359903,0.0,-2661.049101808227,-2.0690952196431542,3.6527777777777777,initial stop
2023-02-25 00:00:00,2023-02-27 00:00:00,SHORT,23184.04,0.8645,cross,maker,-641.130489999996,10.241705565005159,60.61633688667375,9.698613901867803,-721.6871463535427,-0.5730028637273019,2.0,reverse signal
2023-03-04 00:00:00,2023-03-12 22:15:00,SHORT,22354.34,0.9125,vol-refresh,maker,1675.7346873090162,40.95509070036055,59.96892105254351,35.18518763779821,1539.6254879183139,1.22947185404604,8.927083333333334,trail/breakeven stop
2023-03-13 00:00:00,2023-04-04 00:00:00,LONG,21998.05,0.9064,cross,maker,6104.033774584507,7.868458400000448,64.38922154713838,0.0,6031.776094637368,4.758189558950273,22.0,reverse signal
2023-04-11 00:00:00,2023-04-17 11:30:00,LONG,29637.35,0.8641,vol-refresh,maker,885.3506460278446,39.91082181349959,77.46298227316075,0.0,767.9768419411843,0.5783046280432431,6.479166666666667,trail/breakeven stop
2023-04-18 00:00:00,2023-04-19 08:10:00,LONG,29430.27,0.964,vol-refresh,maker,890.4785233375258,52.71154602799857,85.74066607298215,0.0,752.0263112365451,0.5630374316737602,1.3402777777777777,trail/breakeven stop
2023-04-20 00:00:00,2023-04-26 09:00:00,SHORT,28797.1,0.8747,cross,maker,895.5283093468292,15.188911837001445,74.90621556186763,24.594587368122866,780.8385945798373,0.5813358708291868,6.375,trail/breakeven stop
2023-04-27 00:00:00,2023-04-28 00:00:00,SHORT,28415.29,0.7943,vol-refresh,maker,-1679.912727999999,10.866464042204719,68.97887893503166,5.518310314802533,-1765.276381292038,-1.3066556828153248,1.0,reverse signal
2023-04-28 00:00:00,2023-05-01 20:50:00,LONG,29472.77,0.7657,reverse-reentry,maker,-2666.8836624414675,21.759862031558313,65.68541732364524,0.0,-2754.328941796671,-2.0657434811701485,3.8680555555555554,initial stop
2023-05-02 00:00:00,2023-05-04 00:00:00,SHORT,28068.26,0.7859,cross,maker,-1505.6272200000024,11.350936028792558,67.3142702190216,10.770283235043456,-1595.06270948286,-1.2215288162685332,2.0,reverse signal
2023-05-04 00:00:00,2023-05-08 00:00:00,LONG,29026.16,0.7787,reverse-reentry,maker,-928.3194179999995,20.66515461659944,67.09627394653755,0.0,-1016.0808465631364,-0.7877563621087392,4.0,reverse signal
2023-05-09 00:00:00,2023-05-24 00:00:00,SHORT,27668.8,0.7818,vol-refresh,maker,1204.3331231021427,3.1107517098005544,63.993486741455754,46.57521633928217,1090.6536683116042,0.8522857903511649,15.0,reverse signal
2023-05-24 00:00:00,2023-05-25 00:00:00,LONG,27219.61,1.0192,reverse-reentry,maker,-1815.4194240000013,16.251959360001354,81.85292599848,0.0,-1913.5243093584827,-1.482677241592217,1.0,reverse signal
2023-05-25 00:00:00,2023-05-28 00:00:00,SHORT,26329.0,0.9797,reverse-reentry,maker,-1029.2336319999977,10.119180223200086,78.1630785091674,18.759138842200176,-1136.2750295745655,-0.8936830051001965,3.0,reverse signal
2023-05-29 00:00:00,2023-06-01 02:50:00,LONG,28065.01,0.984,vol-refresh,maker,-2520.308369217791,40.905739131077894,80.92699893873835,0.0,-2642.1411072876076,-2.0967888919169364,3.1180555555555554,initial stop
2023-06-02 00:00:00,2023-06-03 00:00:00,SHORT,26817.93,0.9831,cross,maker,-834.9664919999997,9.780388045797464,79.72768110903434,6.378214488722748,-930.8527756435542,-0.75454085682019,1.0,reverse signal
2023-06-03 00:00:00,2023-06-04 00:00:00,LONG,27242.59,0.9791,reverse-reentry,maker,-339.493133999998,8.899866260401863,79.7583648568047,0.0,-428.15136511720453,-0.34969421724278515,1.0,reverse signal
2023-06-06 00:00:00,2023-06-06 19:45:00,SHORT,25728.2,0.9558,vol-refresh,maker,-2440.349495011088,31.40085926150501,75.62685344570446,5.041790229713629,-2552.418997948011,-2.0920133437342954,0.8229166666666666,initial stop
2023-06-07 00:00:00,2023-06-08 00:00:00,LONG,27230.07,0.8532,cross,maker,-1519.9416719999992,6.451785777597482,68.5532920786668,0.0,-1594.9467498562635,-1.335182248863105,1.0,reverse signal
2023-06-08 00:00:00,2023-06-13 12:30:00,SHORT,26339.34,0.8209,reverse-reentry,maker,785.8064905504069,26.23180532060101,64.29621160407766,21.499063694101906,673.7794099316264,0.5716757616625039,5.520833333333333,trail/breakeven stop
2023-06-15 00:00:00,2023-06-16 18:05:00,SHORT,25128.6,0.8901,vol-refresh,maker,-2370.9015054805436,29.035136322545284,68.90085306135232,9.875788938793832,-2478.7132838032353,-2.091137795139375,1.7534722222222223,initial stop
2023-06-17 00:00:00,2023-07-07 00:00:00,LONG,26345.01,0.8364,cross,maker,3743.287238048428,22.90443092879982,68.89518619733971,0.0,3651.487620922289,3.1463293842281153,20.0,reverse signal
2023-07-07 00:00:00,2023-07-12 00:00:00,SHORT,29895.42,0.8306,reverse-reentry,maker,-1207.1608160000005,8.01730005200482,75.40479114303899,30.1619164572156,-1320.7448236522598,-1.103314925477498,5.0,reverse signal
2023-07-13 00:00:00,2023-07-13 19:25:00,SHORT,30380.0,0.9288,cross,maker,-2367.8760053884344,61.35182760054255,86.47275287474173,5.764850191649448,-2521.465436055368,-2.1298639395615915,0.8090277777777778,initial stop
2023-07-14 00:00:00,2023-07-14 18:35:00,LONG,31454.23,0.8583,cross,maker,-2317.5145911243108,39.19927666268865,79.22396142615975,0.0,-2435.937829213159,-2.102397585755834,0.7743055555555556,initial stop
2023-07-15 00:00:00,2023-08-02 00:00:00,SHORT,30312.0,0.7883,cross,maker,1233.9523447478275,9.534172391700013,70.76653517073291,77.6814734086555,1075.9701637767394,0.9485862435891615,18.0,reverse signal
2023-08-02 00:00:00,2023-08-03 00:00:00,LONG,29705.99,1.1517,reverse-reentry,maker,-1197.7449660000036,10.937925239997666,101.73065388057,0.0,-1310.4135451205711,-1.1444181210055395,1.0,reverse signal
2023-08-03 00:00:00,2023-08-08 20:35:00,SHORT,29186.0,1.0851,reverse-reentry,maker,-1750.5010342940006,19.488962023425614,96.33667829723807,45.2782387997019,-1911.6049134143661,-1.6887808426172979,5.857638888888889,trail/breakeven stop
2023-08-09 01:00:00,2023-08-14 00:00:00,LONG,29786.949200999996,1.1659,cross,taker,-1114.9734879999996,22.046203634799618,103.33304745161158,0.0,-1240.3527390864108,-1.1145954961539004,4.958333333333333,reverse signal
2023-08-15 00:00:00,2023-08-16 00:00:00,LONG,29430.92,1.3375,cross,maker,-617.6842499999996,11.499827674998414,117.61967844174376,0.0,-746.8037561167417,-0.6786508118709658,1.0,reverse signal
2023-08-16 00:00:00,2023-08-29 14:25:00,SHORT,29200.01,1.3476,reverse-reentry,maker,3628.4019416009123,65.22495094000077,115.3774176850043,66.89314053642818,3380.906432439479,3.0933596813835895,13.600694444444445,trail/breakeven stop
2023-08-30 00:00:00,2023-08-31 16:30:00,LONG,27716.34,1.0043,cross,maker,-2253.7289280045593,45.66437615959362,81.78201580787687,0.0,-2381.17531997203,-2.1132844070885577,1.6875,initial stop
2023-09-01 00:00:00,2023-09-12 03:25:00,SHORT,25940.77,0.8829,cross,maker,735.3239952581491,16.240130583300736,68.17000460049387,59.43373359380874,591.4801264805459,0.5362693503834476,11.14236111111111,trail/breakeven stop
2023-09-15 00:00:00,2023-09-21 13:25:00,LONG,26522.73,1.0062,cross,maker,739.2560965814624,9.548106492599224,80.60879377056665,0.0,649.0991963182965,0.5853708946636629,6.559027777777778,trail/breakeven stop
2023-09-28 00:00:00,2023-09-28 16:25:00,SHORT,26373.0,1.2281,vol-refresh,maker,-2230.791084676988,38.658433568470514,98.8681310386841,5.602527425525431,-2373.920176709668,-2.128390655859084,0.6840277777777778,initial stop
2023-09-29 00:00:00,2023-10-11 02:30:00,LONG,27021.39,1.1529,cross,maker,750.4349730041233,40.79087690649323,93.99111466507323,0.0,615.6529814325568,0.5639810207694659,12.104166666666666,trail/breakeven stop
2023-10-12 00:05:00,2023-10-16 05:15:00,SHORT,26875.52,1.1057,cross,maker,-1875.4695215429947,120.17933164494771,90.64552403189096,30.819478170842924,-2117.1138553906762,-1.9285471414938915,4.215277777777778,trail/breakeven stop
2023-10-17 00:00:00,2023-11-14 18:50:00,LONG,28500.77,0.9519,cross,maker,7444.240499011594,88.67587842136359,86.90632235444266,0.0,7268.658298235788,6.7514598415757385,28.78472222222222,trail/breakeven stop
2023-11-15 00:00:00,2023-11-15 18:15:00,SHORT,35551.2,0.6703,cross,maker,-2298.7448908744127,46.33863176109039,73.24872072197662,4.639085645725186,-2422.9713290032046,-2.1082295102217117,0.7604166666666666,initial stop
2023-11-16 00:00:00,2023-11-16 19:10:00,LONG,37858.2,0.6007,cross,maker,-2250.160004894112,35.01663534750637,66.51037973981877,0.0,-2351.687019981437,-2.0902727157237297,0.7986111111111112,initial stop
2023-11-22 00:00:00,2023-11-22 21:10:00,SHORT,35741.65,0.5716,cross,maker,-2203.3233679202503,14.908354564786068,62.95345521186378,4.616586715536678,-2285.801764412437,-2.07508624856098,0.8819444444444444,initial stop
2023-11-23 00:00:00,2023-12-11 02:10:00,LONG,37408.35,0.5318,cross,maker,3244.133397092784,126.57671250426675,62.01944910344139,0.0,3055.537235485076,2.8326438350127496,18.09027777777778,trail/breakeven stop
2023-12-12 00:00:00,2023-12-17 23:30:00,LONG,41253.41,0.5241,vol-refresh,maker,739.5810266421108,20.6455259180994,65.40193816854301,0.0,653.5335625554684,0.589170895924455,5.979166666666667,trail/breakeven stop
2023-12-19 00:00:00,2023-12-20 00:00:00,LONG,42657.8,0.4824,cross,maker,-368.3702880000048,11.604227515200886,61.4493872733636,0.0,-441.42390278856925,-0.39561978906294487,1.0,reverse signal
2023-12-20 00:00:00,2023-12-21 00:00:00,SHORT,42275.99,0.4773,reverse-reentry,maker,-1329.6909780000003,9.607945903195104,61.5394642739274,4.923157141914192,-1405.761545319037,-1.2648976404404992,1.0,reverse signal
2023-12-21 00:00:00,2023-12-26 17:35:00,LONG,43668.92,0.4601,reverse-reentry,maker,-1800.8539144278843,53.851198626959444,58.885181441208864,0.0,-1913.5902944960526,-1.7438980912287916,5.732638888888889,trail/breakeven stop
2023-12-27 00:00:00,2023-12-30 00:00:00,LONG,42508.93,0.4927,vol-refresh,maker,-435.53694599999807,9.635925067600533,62.4985697796993,0.0,-507.6714408472979,-0.4708638453416804,3.0,reverse signal
2023-12-30 00:00:00,2024-01-02 00:00:00,SHORT,42066.94,0.4778,reverse-reentry,maker,-2018.8101160000006,15.334470198005022,61.82436023564851,14.837846456555646,-2110.8067928902096,-1.9670294432232862,3.0,reverse signal
2024-01-03 00:05:00,2024-01-03 12:00:00,LONG,44946.91,0.4708,vol-refresh,maker,-2104.015022375877,142.06035954336,61.79845914756058,0.0,-2307.8738410667975,-2.193826506540139,0.4965277777777778,initial stop
2024-01-04 00:00:00,2024-01-05 00:00:00,SHORT,42845.23,0.3983,cross,maker,-1040.2560419999961,10.273837825998458,51.98366273686949,4.15869301894956,-1106.6722355818138,-1.075580601839568,1.0,reverse signal
2024-01-05 00:00:00,2024-01-12 16:15:00,LONG,44151.1,0.3877,reverse-reentry,maker,710.3592333124288,16.60180621076798,51.87246248032624,0.0,641.8849646213346,0.6306343747232745,7.677083333333333,trail/breakeven stop
2024-01-13 00:00:00,2024-01-27 00:00:00,SHORT,42782.74,0.2941,cross,maker,965.0504677565723,2.9946294290987745,37.025669623254394,30.757933277875917,894.2722354263432,0.8730919290076123,14.0,reverse signal
2024-01-27 00:00:00,2024-03-05 16:10:00,LONG,41823.51,0.3967,reverse-reentry,maker,9745.416735199928,60.900722231553594,57.03754626072629,0.0,9627.478466707647,9.318101766496351,38.673611111111114,trail/breakeven stop
2024-03-09 00:00:00,2024-03-15 02:50:00,LONG,68124.2,0.2436,vol-refresh,maker,831.3845297285498,38.72132359521452,50.3796627646,0.0,742.2835433687353,0.6571925682854742,6.118055555555555,trail/breakeven stop
2024-03-20 00:00:00,2024-03-20 20:35:00,SHORT,61937.41,0.1998,cross,maker,-2274.812691966691,23.47250937279642,38.84899745500462,2.7194298218503232,-2339.8536286163426,-2.0581010240545217,0.8576388888888888,initial stop
2024-03-21 00:00:00,2024-03-22 00:00:00,LONG,67840.51,0.1835,cross,maker,-858.4974099999985,6.921299976001356,36.697136722518,0.0,-902.1158466985179,-0.8101618518603351,1.0,reverse signal
2024-04-03 00:00:00,2024-04-05 00:00:00,SHORT,65463.99,0.2138,cross,maker,-1292.981156000002,9.881314328004093,42.965750038746,6.874520006199361,-1352.7027403729514,-1.2247421545831785,2.0,reverse signal
2024-04-05 00:00:00,2024-04-09 17:10:00,LONG,68487.8,0.2119,reverse-reentry,maker,727.462169984717,13.126734582000475,44.07344603655204,0.0,670.2619893661645,0.6143823283334122,4.715277777777778,trail/breakeven stop
2024-04-13 00:05:00,2024-04-22 22:50:00,SHORT,67116.52,0.2169,cross,maker,782.2286887375267,10.85291842503089,43.09418773626563,18.791945449398426,709.4896371268317,0.646368398624994,9.947916666666666,trail/breakeven stop
2024-05-01 00:00:00,2024-05-03 12:45:00,SHORT,60672.01,0.2363,cross,maker,736.6224165251067,10.91805269630011,42.4661096161284,4.933127161940685,678.3051270507375,0.6139896490451849,2.53125,trail/breakeven stop
2024-05-04 00:00:00,2024-05-11 00:00:00,LONG,62882.01,0.2272,cross,maker,-946.0698880000019,5.398725945600402,42.146776555540804,0.0,-993.6153905011431,-0.8939143093483802,7.0,reverse signal
2024-05-11 00:00:00,2024-05-13 00:00:00,SHORT,60799.99,0.2492,reverse-reentry,maker,-340.910584000001,9.9711897599992,45.71723385432,7.3147574166912,-403.9137650310114,-0.3666620056862651,2.0,reverse signal
2024-05-16 00:00:00,2024-05-23 18:05:00,LONG,66206.51,0.259,vol-refresh,maker,1016.7264506855682,10.025013603959087,52.197484347811205,0.0,954.503952733798,0.8696616247187924,7.753472222222222,trail/breakeven stop
2024-05-24 00:00:00,2024-05-30 00:00:00,LONG,67969.66,0.266,vol-refresh,maker,-168.77700000000002,8.647788212003304,54.106720088841,0.0,-231.5315083008443,-0.20913278084921397,6.0,reverse signal
2024-05-31 00:00:00,2024-06-05 00:00:00,SHORT,68352.17,0.2976,vol-refresh,maker,-1300.904832000002,8.775499641598854,62.007077624731195,24.802831049892475,-1396.4902403162246,-1.2640350584582107,5.0,reverse signal
2024-06-05 00:00:00,2024-06-09 00:00:00,LONG,70537.83,0.3174,reverse-reentry,maker,-779.134475999997,5.616104800797027,66.57755879039941,0.0,-851.3281395911935,-0.7804459448127086,4.0,reverse signal
2024-06-12 00:00:00,2024-07-01 01:05:00,SHORT,67314.23,0.3462,cross,maker,2095.6867568180182,14.770799140571464,68.3518723097419,59.26674099861767,1953.2973443690873,1.8047494932261994,19.04513888888889,trail/breakeven stop
2024-07-02 00:00:00,2024-07-03 00:00:00,LONG,62900.0,0.3825,cross,maker,-584.8731000000007,8.175207689997842,71.7329637692325,0.0,-664.781271459231,-0.6033360909056678,1.0,reverse signal
2024-07-04 00:00:00,2024-07-10 04:25:00,SHORT,60208.57,0.3724,vol-refresh,maker,1077.5941336650014,22.931112715165618,66.47401713828762,16.803838860899095,971.385164950649,0.8869521436709799,6.184027777777778,trail/breakeven stop
2024-07-16 00:00:00,2024-07-25 01:05:00,LONG,64724.06,0.2986,vol-refresh,maker,736.7749818842628,35.077559031601375,58.506086015139495,0.0,643.1913368375219,0.5821218560722764,9.04513888888889,trail/breakeven stop
2024-07-26 00:00:00,2024-07-30 14:55:00,LONG,65799.95,0.3053,vol-refresh,maker,741.0668174842787,15.076933673498933,60.81066661785809,0.0,665.1792171929217,0.5985378202512859,4.621527777777778,trail/breakeven stop
2024-08-02 00:00:00,2024-08-08 14:45:00,SHORT,65354.02,0.3021,vol-refresh,maker,2738.536331303471,21.97434617174786,57.1929268371512,16.462174527078453,2642.906883767493,2.3639763082488012,6.614583333333333,trail/breakeven stop
2024-08-09 00:00:00,2024-08-12 00:00:00,LONG,61686.0,0.2179,cross,maker,-1295.8120780000015,11.724440272199477,39.34348581129585,0.0,-1346.8800040834967,-1.1769093560829444,3.0,reverse signal
2024-08-21 00:00:00,2024-08-27 21:45:00,LONG,59013.8,0.2586,vol-refresh,maker,1050.810274660561,29.87583223857088,46.548606871816496,0.0,974.3858355501736,0.8615622067430027,6.90625,trail/breakeven stop
2024-08-28 00:05:00,2024-09-09 21:15:00,SHORT,59415.0,0.2703,cross,maker,1147.4753343500763,17.87991898371155,47.33242693847522,37.856124067278664,1044.4068643606108,0.9155871839214671,12.881944444444445,trail/breakeven stop
2024-09-10 00:00:00,2024-09-11 00:00:00,SHORT,57042.01,0.2979,vol-refresh,maker,-353.89328399999755,9.002299084197496,51.250616024313146,4.100049281945052,-418.2462483904533,-0.36333211752046857,1.0,reverse signal
2024-09-12 00:00:00,2024-10-01 13:40:00,LONG,57338.0,0.3053,vol-refresh,maker,2407.120131367081,11.31799376024512,54.31272580320513,0.0,2341.489411803631,2.041478163879445,19.569444444444443,trail/breakeven stop
2024-10-02 00:00:00,2024-10-07 01:05:00,SHORT,60804.92,0.3575,cross,maker,-2245.6038680907795,18.014112166810953,66.91099018519319,27.210469341978563,-2357.7394397847625,-2.014520113849747,5.045138888888889,trail/breakeven stop
2024-10-08 00:00:00,2024-10-11 15:10:00,SHORT,62224.01,0.3807,vol-refresh,maker,764.5699183249988,11.576858960701689,70.50129702647678,18.11667693983773,664.3750853979826,0.5793318605783453,3.6319444444444446,trail/breakeven stop
2024-10-15 00:00:00,2024-10-23 12:30:00,LONG,66084.0,0.3635,vol-refresh,maker,792.2449898710967,13.273116958129082,72.64883090468473,0.0,706.3230420082829,0.6123626638071935,8.520833333333334,trail/breakeven stop
2024-10-26 00:00:00,2024-11-01 01:30:00,LONG,66698.32,0.3756,vol-refresh,maker,1842.4102320638176,22.268693045151064,76.52077313026402,0.0,1743.6207658884025,1.502470710142214,6.0625,trail/breakeven stop
2024-11-05 00:00:00,2024-11-06 00:40:00,SHORT,67850.01,0.368,vol-refresh,maker,-2356.2752441895504,41.29338826042367,76.70458751433748,6.392048959528123,-2480.66526892384,-2.1059377728042707,1.0277777777777777,initial stop
2024-11-07 00:00:00,2024-11-25 21:55:00,LONG,75571.99,0.3011,cross,maker,6217.73960751499,18.085535166256065,72.91391912126156,0.0,6126.740153227473,5.313130450928536,18.913194444444443,trail/breakeven stop
2024-11-26 00:00:00,2024-11-27 00:00:00,LONG,93010.01,0.2292,vol-refresh,maker,-478.959239999996,15.838873334398214,63.5825842909992,0.0,-558.3806976253934,-0.45979992082676713,1.0,reverse signal
2024-11-27 00:00:00,2024-11-28 00:00:00,SHORT,91965.16,0.2252,reverse-reentry,maker,-1755.6366799999987,14.576885674398893,63.4593222702558,5.076745781620464,-1838.749633726274,-1.5211168774588955,1.0,reverse signal
2024-12-05 00:00:00,2024-12-05 20:00:00,LONG,98587.32,0.2349,vol-refresh,maker,793.6598457560683,21.859496146801167,70.05333466620696,0.0,701.7470149430602,0.5894913615058689,0.8333333333333334,trail/breakeven stop
2024-12-06 00:00:00,2024-12-07 00:00:00,SHORT,96945.63,0.1944,cross,maker,-1086.7776479999968,15.522872659195214,57.36541680649439,4.589233344519552,-1164.2551708102058,-0.9722824231155095,1.0,reverse signal
2024-12-07 00:00:00,2024-12-09 21:00:00,LONG,99740.84,0.1866,reverse-reentry,maker,-1701.3290802134873,65.55974844077605,54.5097556105093,0.0,-1821.3985842647726,-1.5360044874369208,2.875,trail/breakeven stop
2024-12-10 00:00:00,2024-12-12 00:00:00,SHORT,97276.48,0.1865,cross,maker,-1435.4979600000015,9.226714499994225,55.509734065874994,8.881557450539999,-1509.1159660164105,-1.292506241229251,2.0,reverse signal
2024-12-17 00:00:00,2024-12-18 23:45:00,LONG,106058.65,0.1916,vol-refresh,maker,-2236.7305450464046,24.08648321349529,59.266899248805075,0.0,-2320.083927508705,-2.0130919189386454,1.9895833333333333,trail/breakeven stop
2024-12-19 00:00:00,2024-12-20 00:00:00,LONG,100204.01,0.1825,vol-refresh,maker,-1000.8847499999979,12.876172890002417,54.101374782832494,0.0,-1067.8622976728327,-0.9455992290019293,1.0,reverse signal
2024-12-20 00:00:00,2024-12-20 15:45:00,SHORT,97461.86,0.1719,reverse-reentry,maker,745.764859178419,8.918719673401098,49.708446597371235,2.3235009257715835,684.8141919818751,0.6121964867569438,0.65625,trail/breakeven stop
2025-01-07 00:00:00,2025-01-07 17:35:00,LONG,102235.6,0.216,vol-refresh,maker,-2251.713233723843,30.619006596626015,64.53691961975966,0.0,-2346.869159940229,-2.085241351457327,0.7326388888888888,initial stop
2025-01-08 00:00:00,2025-01-14 09:45:00,SHORT,96954.6,0.1989,cross,maker,734.7341751040294,12.283558793998695,57.310971857767484,16.55613828065601,648.5835061716072,0.5885524786533922,6.40625,trail/breakeven stop
2025-01-15 00:00:00,2025-01-27 06:40:00,LONG,96560.85,0.2024,cross,maker,1282.1525604519672,14.256113080590975,59.582670455528536,0.0,1208.3137769158477,1.0900601462802098,12.277777777777779,trail/breakeven stop
2025-01-28 00:00:00,2025-01-29 00:00:00,LONG,102082.83,0.1734,vol-refresh,maker,-259.1671079999992,7.592337033601664,52.9034185822248,0.0,-319.66286361582564,-0.28526892474791604,1.0,reverse signal
2025-02-03 00:00:00,2025-02-03 15:20:00,SHORT,97700.59,0.1808,vol-refresh,maker,744.9542647867546,19.588063467197095,52.44877536501032,1.586842751694754,671.3305832028524,0.6008130947608201,0.6388888888888888,trail/breakeven stop
2025-02-04 00:25:00,2025-02-05 00:00:00,LONG,101328.51,0.1619,cross,maker,-1154.4668059999983,12.108602673202755,48.34032575049509,0.0,-1214.9157344236962,-1.0808056914138573,0.9826388888888888,reverse signal
2025-02-05 00:00:00,2025-02-15 00:00:00,SHORT,97763.14,0.1578,reverse-reentry,maker,82.89865199999944,7.214946433204121,46.22430769682491,36.979446157459925,-7.520048287489509,-0.006763033290119387,10.0,reverse signal
2025-02-19 00:00:00,2025-02-21 00:00:00,SHORT,95671.74,0.2199,vol-refresh,maker,-1158.1121459999956,11.751676339795106,63.99204474475485,10.238727159160776,-1244.0945942437063,-1.1189319410491732,2.0,reverse signal
2025-02-22 00:00:00,2025-02-23 00:00:00,SHORT,96181.99,0.2224,cross,maker,-164.14009599999534,6.919353724804101,64.3009183152936,5.144073465223488,-240.50444150531652,-0.2187561244612648,1.0,reverse signal
2025-02-25 00:00:00,2025-03-02 16:30:00,SHORT,91552.88,0.2303,vol-refresh,maker,1141.9506882131222,23.021250058682675,62.41468771338418,15.138988342394914,1041.3757620986605,0.9492829297352626,5.6875,trail/breakeven stop
2025-03-03 00:00:00,2025-03-03 18:25:00,LONG,94269.99,0.1717,cross,maker,-2214.9042594198677,54.482129230657435,46.85643205751211,0.0,-2316.242820708037,-2.0915538658511372,0.7673611111111112,initial stop
2025-03-04 00:00:00,2025-03-04 18:50:00,SHORT,86221.16,0.1553,cross,maker,723.2398690369791,10.558554414801199,39.635927458033365,2.314847512473224,670.7305396516714,0.6186042374556489,0.7847222222222222,trail/breakeven stop
2025-03-08 00:00:00,2025-03-19 22:40:00,SHORT,86801.74,0.1461,cross,maker,831.2207881168321,9.034409532937374,37.42856285806209,20.963471766530613,763.7943439593021,0.700104644846812,11.944444444444445,trail/breakeven stop
2025-03-25 00:00:00,2025-03-29 00:00:00,LONG,87498.16,0.1969,vol-refresh,maker,-1210.4545639999994,5.837863684398427,50.772943791236706,0.0,-1267.0653714756345,-1.1533353967133797,4.0,reverse signal
2025-03-29 00:00:00,2025-04-02 00:00:00,SHORT,84424.38,0.2097,reverse-reentry,maker,-307.82701800000046,6.119815599005794,53.34683758319926,17.070988026623763,-384.36465920882927,-0.3539468314594613,4.0,reverse signal
2025-04-02 00:00:00,2025-04-02 21:05:00,LONG,85158.35,0.2213,reverse-reentry,maker,721.5442875702413,15.110327485498653,57.06645403506356,0.0,649.3675060496792,0.6001019404276466,0.8784722222222222,trail/breakeven stop
2025-04-03 00:00:00,2025-04-09 17:55:00,SHORT,82516.28,0.2093,cross,maker,823.3421224101276,20.16943536254213,51.20959269671432,21.65097327633531,730.3121210745358,0.6708795689037808,6.746527777777778,trail/breakeven stop
2025-04-10 00:00:00,2025-04-11 00:00:00,LONG,82615.22,0.1745,cross,maker,-1049.7640799999992,10.412320770000806,42.453935369422496,0.0,-1102.6303361394225,-1.0061486087335358,1.0,reverse signal
2025-04-11 00:00:00,2025-04-12 00:00:00,SHORT,79607.3,0.1725,reverse-reentry,maker,-1316.7028499999994,7.427637134995311,42.18987561535124,3.3751900492280993,-1369.6955527995742,-1.2625483506094732,1.0,reverse signal
2025-04-12 00:00:00,2025-05-19 06:30:00,LONG,83423.83,0.1671,reverse-reentry,maker,3883.6084478339417,8.189228381478534,44.72693039358935,0.0,3830.6922890588735,3.5761796416270286,37.270833333333336,trail/breakeven stop
2025-05-31 00:00:00,2025-06-06 11:50:00,SHORT,103985.47,0.2474,vol-refresh,maker,739.9436398970442,4.99687312779724,76.62680575892307,37.94423648528613,620.3757245250378,0.5591611201368311,6.493055555555555,trail/breakeven stop
2025-06-10 00:00:00,2025-06-12 20:45:00,LONG,110263.02,0.2492,vol-refresh,maker,-2177.2447953687993,21.780805237260648,80.78336455154546,0.0,-2279.8089651576056,-2.0434263354147597,2.8645833333333335,trail/breakeven stop
2025-06-13 00:00:00,2025-06-15 00:00:00,LONG,105671.74,0.2516,vol-refresh,maker,-129.3777520000003,8.404176181595131,79.65769290586381,0.0,-217.43962108745922,-0.19895993286730396,2.0,reverse signal
2025-06-17 00:00:00,2025-06-18 00:00:00,LONG,106794.53,0.2537,vol-refresh,maker,-1138.2808640000003,8.710595165802287,80.42107318862564,0.0,-1227.412532354428,-1.125336561737001,1.0,reverse signal
2025-06-18 00:00:00,2025-06-23 22:05:00,SHORT,104551.17,0.2416,reverse-reentry,maker,719.0812675869471,22.616687467199263,75.2563395809102,29.77168313420659,591.436557404631,0.5484221953783561,5.920138888888889,trail/breakeven stop
2025-06-24 00:00:00,2025-07-01 20:00:00,LONG,105333.94,0.218,cross,maker,723.1119419517125,6.0003178920015925,69.42623047804479,0.0,647.6853935816662,0.5973043817683944,7.833333333333333,trail/breakeven stop
2025-07-03 00:00:00,2025-07-25 00:00:00,LONG,108849.59,0.2654,vol-refresh,maker,3246.4820967152937,9.004251809200031,89.09415194167957,0.0,3148.383692964414,2.886243105205123,22.0,reverse signal
2025-07-26 00:00:00,2025-07-28 00:00:00,SHORT,117614.31,0.2509,vol-refresh,maker,-903.86725,10.618367000801276,89.21415534975061,14.274264855960098,-1017.9740372065121,-0.9070362552826021,2.0,reverse signal
2025-08-01 00:00:00,2025-08-07 10:25:00,SHORT,115764.07,0.2654,vol-refresh,maker,741.535489893063,10.480223217803092,91.62306108399358,27.305590714248055,612.1266148770183,0.5504100940401837,6.434027777777778,trail/breakeven stop
2025-08-11 00:00:00,2025-08-11 18:00:00,LONG,119294.27,0.2877,vol-refresh,maker,745.6393184361949,10.732771347899806,103.51406434731624,0.0,631.392482740979,0.5646257596428848,0.75,trail/breakeven stop
2025-08-19 00:00:00,2025-08-22 15:00:00,SHORT,116227.05,0.2661,vol-refresh,maker,749.8798200502481,21.287921500502467,92.2376100910877,16.055329593174225,620.2989588654838,0.5515908983461248,3.625,trail/breakeven stop
2025-08-23 00:00:00,2025-09-05 07:20:00,SHORT,116936.0,0.2466,vol-refresh,maker,1765.9854177180878,13.808668888840545,85.19512023837807,51.60079774016019,1615.380830850709,1.428571618896877,13.305555555555555,trail/breakeven stop
2025-09-06 00:05:00,2025-09-08 00:00:00,SHORT,110660.0,0.256,vol-refresh,maker,-244.40320000000295,12.789112319998443,85.17977423424,13.628763877478399,-356.00085043171975,-0.310397217040247,1.9965277777777777,reverse signal
2025-09-10 00:00:00,2025-09-22 06:00:00,LONG,111546.38,0.2805,vol-refresh,maker,1307.3790975030408,56.432946464238924,94.80448838327912,0.0,1156.1416626555229,1.0111788319740582,12.25,trail/breakeven stop
2025-09-23 00:00:00,2025-09-29 13:40:00,SHORT,112650.99,0.3418,cross,maker,769.9721155345225,35.9796108382038,114.96183076747776,43.0117679350579,576.0189059937829,0.49875150171629123,6.569444444444445,trail/breakeven stop
2025-09-30 00:00:00,2025-10-07 18:25:00,LONG,114311.97,0.3256,cross,maker,2827.0662030335143,14.34162193638438,113.76947573182285,0.0,2698.955105365307,2.3253186365449254,7.767361111111111,trail/breakeven stop
2025-10-11 00:00:00,2025-10-13 00:00:00,SHORT,112774.49,0.1887,cross,maker,-824.3623679999971,16.42629008940182,64.47223028256705,10.315556845210729,-915.5764452171767,-0.7709004821206573,2.0,reverse signal
2025-10-13 00:00:00,2025-10-15 00:00:00,LONG,114958.81,0.1823,reverse-reentry,maker,-703.9259279999975,7.791798419800497,62.33718489418515,0.0,-774.0549113139831,-0.6568049639584158,2.0,reverse signal
2025-10-15 00:00:00,2025-10-21 15:20:00,SHORT,113028.13,0.1829,reverse-reentry,maker,796.47365304011,12.046020387846406,61.43021420651081,20.593310790290015,702.4041076554628,0.5999479518304727,6.638888888888889,trail/breakeven stop
2025-10-22 00:00:00,2025-10-25 00:00:00,SHORT,108297.66,0.1847,vol-refresh,maker,-1000.0544559999965,5.727358606002448,60.7620697669545,14.582896744069084,-1081.1267811170226,-0.9179212034945474,3.0,reverse signal
2025-10-30 00:00:00,2025-10-31 00:00:00,LONG,110021.3,0.2054,vol-refresh,maker,-697.7150440000031,15.58135109959661,67.2601527636753,0.0,-780.556547863275,-0.6688643328570552,1.0,reverse signal
2025-10-31 00:00:00,2025-11-11 01:20:00,SHORT,108322.87,0.1984,reverse-reentry,maker,943.4472830312523,12.68895092057865,63.775703474916995,39.24191356299847,827.7407150727581,0.7140729530910841,11.055555555555555,trail/breakeven stop
2025-11-12 00:00:00,2025-11-27 02:25:00,SHORT,103059.0,0.1968,vol-refresh,maker,3085.6025903843706,8.862394814700773,58.53847845332275,39.00298703844205,2979.1987300779056,2.5518643243097774,15.100694444444445,trail/breakeven stop
2025-12-02 00:00:00,2025-12-02 17:25:00,SHORT,86286.01,0.2104,cross,maker,-2395.3319902868866,20.080085299834867,56.27528856869004,3.376517314121402,-2475.063881469533,-2.0672878816935314,0.7256944444444444,initial stop
2025-12-03 00:00:00,2025-12-15 00:00:00,LONG,91277.88,0.1974,cross,maker,-1226.1382560000004,16.887655276797844,53.1224911025424,0.0,-1296.1484023793407,-1.1054560815659566,12.0,reverse signal
2025-12-16 00:00:00,2025-12-28 00:00:00,SHORT,86432.08,0.2163,vol-refresh,maker,-625.0723919999992,7.451405219996354,56.560169559914996,54.29776277751839,-743.381729557429,-0.641100795075018,12.0,reverse signal
2025-12-30 00:00:00,2025-12-31 00:00:00,SHORT,87237.13,0.2755,cross,maker,-687.8518699999975,10.06817504999682,72.6249279787875,5.809994238303001,-776.3549672670848,-0.6738573925886815,1.0,reverse signal
2026-01-03 00:00:00,2026-01-08 06:50:00,LONG,89995.14,0.2919,vol-refresh,maker,799.4815112854488,7.864362925348771,79.40245695927007,0.0,712.2146914008299,0.6223791274080916,5.284722222222222,trail/breakeven stop
2026-01-10 00:00:00,2026-01-12 00:00:00,SHORT,90641.27,0.3007,cross,maker,-223.95534599999968,12.935732712399044,81.94515797603432,13.11122527616549,-331.9474619645985,-0.2882828867323795,2.0,reverse signal
2026-01-13 00:00:00,2026-01-19 00:00:00,LONG,91296.2,0.3313,vol-refresh,maker,1349.9312247864293,61.489280800874674,91.70562463798916,0.0,1196.7363193475655,1.0423217160540132,6.0,trail/breakeven stop
2026-01-20 00:00:00,2026-01-28 13:10:00,SHORT,92630.99,0.339,cross,maker,1555.0622576383307,14.602274086478385,93.05037184233612,34.275123419701714,1413.1344882898145,1.2181015436965368,8.54861111111111,trail/breakeven stop
2026-01-29 00:00:00,2026-02-06 15:45:00,SHORT,89300.0,0.3305,vol-refresh,maker,7458.895520363,17.617653000489568,82.95999159947812,29.416050599892124,7328.9018251631405,6.241381288202132,8.65625,trail/breakeven stop
2026-02-24 00:00:00,2026-02-25 17:40:00,SHORT,64656.01,0.2634,vol-refresh,maker,-2144.5048676462407,15.076848693559612,52.710865389254856,7.37952115449568,-2219.6721028835505,-1.7792498004540216,1.7361111111111112,trail/breakeven stop
2026-02-26 00:00:00,2026-02-28 00:00:00,LONG,67988.04,0.2458,cross,maker,-1040.2010199999986,7.478813544397097,49.34862082084169,0.0,-1097.0284543652374,-0.8952879668671542,2.0,reverse signal
2026-02-28 00:00:00,2026-03-01 00:00:00,SHORT,65872.09,0.2485,reverse-reentry,maker,-547.281489999999,11.686620021994793,49.526869177516495,3.9621495342013193,-612.4571287337117,-0.5043432876556804,1.0,reverse signal
2026-03-01 00:00:00,2026-03-02 00:00:00,LONG,66973.26,0.2395,reverse-reentry,maker,-573.2576199999994,10.93348539199913,47.68214398095599,0.0,-631.8732493729545,-0.5229695442605734,1.0,reverse signal
2026-03-02 00:00:00,2026-03-03 00:00:00,SHORT,65776.48,0.2394,reverse-reentry,maker,-1462.054104000001,12.939094072803314,48.3469128345546,3.8677530267643685,-1527.2078639341232,-1.2706377899016548,1.0,reverse signal
2026-03-03 00:00:00,2026-03-06 14:05:00,LONG,68830.06,0.2291,reverse-reentry,maker,791.3912334779898,13.87269367460044,47.890039142852544,0.0,729.6285006605368,0.614864011748155,3.5868055555555554,trail/breakeven stop
2026-03-10 00:00:00,2026-03-19 07:00:00,LONG,68432.16,0.2323,cross,maker,1249.0816209502148,7.30403082826763,48.62170549659146,0.0,1193.1558846253556,0.9993378284712492,9.291666666666666,trail/breakeven stop
2026-03-24 00:00:00,2026-04-06 00:00:00,SHORT,70906.45,0.2689,vol-refresh,maker,1307.5595117578607,16.748548900199857,56.232124992856754,36.92369148260369,1197.6551463822002,0.9931809899690052,13.0,reverse signal
2026-04-07 00:00:00,2026-04-29 00:00:00,LONG,68853.66,0.3353,vol-refresh,maker,3323.035560278619,5.314262913398065,71.74818756702392,0.0,3245.973109798197,2.665320745443734,22.0,reverse signal
2026-04-30 00:00:00,2026-05-02 00:00:00,SHORT,75780.0,0.3567,vol-refresh,maker,-1748.6361420000035,10.426421614194695,82.41147492271065,13.185835987633704,-1854.6598745245424,-1.4833548970951445,2.0,reverse signal
2026-05-02 00:00:00,2026-05-04 10:20:00,LONG,78231.13,0.3587,reverse-reentry,maker,821.3490243693757,13.241809733099755,84.79059940397721,0.0,723.3166152322987,0.5872183535533511,2.4305555555555554,trail/breakeven stop
2026-05-05 00:00:00,2026-05-07 15:20:00,LONG,79861.01,0.3791,vol-refresh,maker,826.0868775518369,10.609530889100848,91.43753468299704,0.0,724.039811979739,0.5843739236601594,2.638888888888889,trail/breakeven stop
2026-05-14 00:00:00,2026-05-15 13:35:00,LONG,79313.61,0.4034,vol-refresh,maker,830.9214068584212,20.225814827396068,96.59335251602326,0.0,714.1022395150018,0.5730047991986691,1.5659722222222223,trail/breakeven stop
2026-05-16 00:00:00,2026-06-13 21:40:00,SHORT,79113.2,0.3802,cross,maker,6343.587475945051,19.139131073502877,85.49317966134635,101.96923797317686,6136.985927237025,4.896339984853307,28.90277777777778,trail/breakeven stop
2026-06-23 00:00:00,2026-07-02 13:25:00,SHORT,64020.01,0.4156,vol-refresh,maker,1741.700742616786,15.748261424363749,78.5256841071057,35.08132329087535,1612.3454737944412,1.2263493530227214,9.559027777777779,trail/breakeven stop
2026-07-07 00:00:00,2026-07-24 13:50:00,LONG,64042.93,0.3955,vol-refresh,maker,887.469501563461,14.87961688150014,76.64137885851147,0.0,795.9485058234493,0.5980637789683058,17.57638888888889,trail/breakeven stop
2026-07-25 00:00:00,2026-07-27 00:00:00,SHORT,64140.0,0.4956,cross,maker,-1248.912,19.646575199996306,96.31477093139999,15.410363349024001,-1380.2837094804204,-1.0309587034038075,2.0,reverse signal
2026-07-30 00:00:00,2026-07-31 00:00:00,SHORT,63984.29,0.526,vol-refresh,maker,-837.1184799999979,16.701555155997458,101.60757464636701,8.12860597170936,-963.5562157740717,-0.7271945258940298,1.0,reverse signal
2026-07-31 00:00:00,2026-08-01 00:00:00,LONG,64780.03,0.5246,reverse-reentry,maker,-1985.2437800000014,15.004386769600488,100.4506250889228,0.0,-2100.6987918585246,-1.597007787893935,1.0,reverse signal
2026-08-01 00:00:00,2026-08-06 00:00:00,SHORT,62887.88,0.4896,reverse-reentry,maker,-1740.3909120000005,12.249325900800944,93.6841983224256,37.473679328970235,-1883.7981155521973,-1.4553562051356734,5.0,reverse signal
2026-08-11 00:00:00,2026-08-12 00:00:00,LONG,63970.01,0.6069,vol-refresh,maker,-449.106,14.275503013798716,116.12266107973966,0.0,-579.5041640935383,-0.4543164694797668,1.0,reverse signal
2026-08-12 00:10:00,2026-08-18 00:00:00,SHORT,63600.01,0.608,reverse-reentry,maker,-1133.4335999999983,18.32051257599704,116.87023382443199,56.09771223572736,-1324.7220586361548,-1.0432881025114413,5.993055555555555,reverse signal
2026-08-18 00:00:00,2026-09-01 18:25:00,LONG,64532.11,0.6589,reverse-reentry,maker,8937.770421804202,30.654364755061327,134.24095887978686,0.0,8772.875098169354,6.981941035021522,14.76736111111111,trail/breakeven stop
2026-09-04 00:00:00,2026-09-08 00:00:00,LONG,81270.37,0.3579,vol-refresh,maker,-1544.9612459999967,12.764288760003133,86.09170211793,0.0,-1643.8172368779299,-1.2228615428356444,4.0,reverse signal
2026-09-09 00:00:00,2026-09-11 13:45:00,SHORT,78455.8,0.3933,vol-refresh,maker,885.3394370268009,36.201526613996414,91.9331449871904,18.847446648578583,738.3573187770354,0.5560756787726402,2.5729166666666665,trail/breakeven stop
2026-09-15 00:00:00,2026-09-18 08:55:00,SHORT,78189.2,0.4061,vol-refresh,maker,890.3189233110397,11.614021412001625,94.59887368357572,15.210229257311767,768.8957989581506,0.5758726970123951,3.3715277777777777,trail/breakeven stop
2026-09-19 00:00:00,2026-09-28 05:35:00,LONG,80883.86,0.3806,cross,maker,1645.4712364068223,12.553505372208333,93.57787964627596,0.0,1539.339851388338,1.146303724775036,9.23263888888889,trail/breakeven stop
2026-09-29 00:00:00,2026-10-03 00:00:00,LONG,83500.01,0.3997,vol-refresh,maker,1406.776335702894,0.0,75.77294579377717,0.0,1331.0033899091168,0.9799283803980081,4.0,OPEN (mark-to-market)
