kijun_period,sl_atr,tp1_atr,trail_atr,total_return,cagr,max_dd,sharpe,sortino,calmar,years,trades,profit_factor
10,1.0,0.75,1.0,59.70276124776592,7.1739125524131975,-23.463449345711005,0.5418101059570444,0.7309056787396067,0.3057484194549831,6.757015742642026,388,1.1682454619004055
10,1.0,0.75,1.5,101.5645545239583,10.930652951891439,-22.167918084035154,0.7610541015395356,1.046758432421473,0.4930843262075862,6.757015742642026,347,1.2868537307061687
10,1.0,0.75,2.0,117.60329351572487,12.194759841026714,-22.240186727162282,0.8197997409055241,1.1115901761848335,0.5483209287147336,6.757015742642026,339,1.3064157874026692
10,1.0,0.75,3.0,127.39398976420463,12.927903463459355,-22.24015880915332,0.8392105598946883,1.0948216074430057,0.5812864725650544,6.757015742642026,336,1.3207820416902187
10,1.0,1.0,1.0,83.039272229844,9.35913443446086,-21.90463825129102,0.6374122577397215,0.9207141548248107,0.4272672448224179,6.757015742642026,376,1.2033222976990459
10,1.0,1.0,1.5,106.44794634526104,11.324352582020737,-21.60426892443561,0.7390432243016478,1.0650214804186047,0.5241719875654888,6.757015742642026,331,1.263760150112
10,1.0,1.0,2.0,121.5346780072327,12.492460172078346,-21.676567268023984,0.7911319629113562,1.129584401192892,0.5763117387367187,6.757015742642026,322,1.2809495256242138
10,1.0,1.0,3.0,130.5485671119268,13.158395650608323,-21.67665102373354,0.8082692800194899,1.113179063280325,0.6070308386752793,6.757015742642026,319,1.2923949284857266
10,1.0,1.5,1.0,94.97160990951915,10.386031183288669,-17.96079746347681,0.6498193065290601,0.9769597802662143,0.5782611381487159,6.757015742642026,368,1.2120806229273597
10,1.0,1.5,1.5,113.43310254624619,11.873925026112108,-18.78959311398345,0.7185994243796295,1.0623463876839996,0.6319415728739429,6.757015742642026,316,1.275564676778147
10,1.0,1.5,2.0,128.77706483695084,13.02929240211903,-18.797941474956136,0.770516151130707,1.128907208280171,0.6931233624425055,6.757015742642026,307,1.2910886974488942
10,1.0,1.5,3.0,141.07642459613962,13.908657651021228,-18.79740701541174,0.8000631524408767,1.14175259219204,0.7399242693217053,6.757015742642026,304,1.3091211655792976
10,1.0,2.0,1.0,77.06794187692275,8.823653797354325,-21.696554309545036,0.5468455333606681,0.8352063984847855,0.4066845671191442,6.757015742642026,367,1.1766969738874034
10,1.0,2.0,1.5,82.84837124935578,9.342247257649117,-22.055991017856492,0.5643893514399791,0.8308387486842365,0.4235695983955402,6.757015742642026,316,1.199725768735089
10,1.0,2.0,2.0,90.56549346017171,10.013241819752473,-22.920004911670087,0.5925688060433537,0.8534080257898733,0.4368778217256869,6.757015742642026,304,1.202255229699421
10,1.0,2.0,3.0,94.07244745706524,10.310542683587286,-23.667645482507517,0.5968401353866131,0.8302256503994243,0.43563871578217145,6.757015742642026,301,1.2052451563088802
10,1.5,0.75,1.0,28.11840541822317,3.7351394793610826,-20.401313875205528,0.40755709228462506,0.5129134068313975,0.18308328092047718,6.757015742642026,383,1.1287759176964904
10,1.5,0.75,1.5,42.187584249272916,5.3471184461924,-17.21190543135469,0.5463554598510673,0.6983278909647156,0.3106639452277973,6.757015742642026,342,1.2047203670989959
10,1.5,0.75,2.0,51.312754385316126,6.321368786760351,-18.216518385479198,0.621054409827177,0.7887642304647854,0.3470130050646373,6.757015742642026,333,1.235515249425978
10,1.5,0.75,3.0,58.320663121905405,7.03613852409366,-17.777459270494834,0.6654711108305864,0.8247823933473406,0.3957898829655319,6.757015742642026,330,1.2613487200978781
10,1.5,1.0,1.0,41.62737594095019,5.285588619492776,-18.90326370752209,0.5200004085166432,0.7049642516941945,0.27961248921208803,6.757015742642026,371,1.1702158215626128
10,1.5,1.0,1.5,44.39834064338295,5.587936081559053,-18.79966187842186,0.5371389636734129,0.7242281369027567,0.2972359884819446,6.757015742642026,326,1.1927000536839913
10,1.5,1.0,2.0,51.867106144406016,6.378925861752682,-19.891163001500377,0.5931765732791282,0.7953157130394076,0.3206914478188894,6.757015742642026,316,1.2150490673142635
10,1.5,1.0,3.0,58.425001762771544,7.04657517558438,-19.461425054108105,0.6330866446279787,0.8289343172855054,0.3620790952354705,6.757015742642026,313,1.2366766969643017
10,1.5,1.5,1.0,52.70830817620331,6.465924963131653,-15.120355910580596,0.5778777613596763,0.8219379884238316,0.4276304738704641,6.757015742642026,362,1.1997159226125722
10,1.5,1.5,1.5,54.80123311220726,6.680621473496151,-16.344763774144333,0.5874657311091939,0.826400403202219,0.4087316014969993,6.757015742642026,310,1.226526373271382
10,1.5,1.5,2.0,61.37919372769305,7.339670321803382,-17.41707995563857,0.6315017983819792,0.8821863831311982,0.42140647803751125,6.757015742642026,301,1.243552201663148
10,1.5,1.5,3.0,69.74945933662143,8.145969803272536,-16.010564995730025,0.6798061183947482,0.932455201122108,0.5087871543224767,6.757015742642026,298,1.2709423338850137
10,1.5,2.0,1.0,43.706034204779364,5.512862993298562,-19.18879573150736,0.4834923261125531,0.7018215470402168,0.28729593406670256,6.757015742642026,361,1.1672358456055671
10,1.5,2.0,1.5,39.324989933879316,5.030510890981255,-18.63919066696853,0.4403560787168232,0.62044035266736,0.26988891207041954,6.757015742642026,310,1.1585596370431166
10,1.5,2.0,2.0,42.57642722471504,5.389705237416997,-20.566986988825974,0.46248049039665506,0.640154786988988,0.26205614076311806,6.757015742642026,298,1.1635039257484217
10,1.5,2.0,3.0,47.003225803523854,5.867687516834996,-19.50822843891411,0.48753264305744404,0.653279508995559,0.30078013158439365,6.757015742642026,294,1.1768033199196513
10,2.0,0.75,1.0,21.31654092177182,2.9010216688113433,-16.074435388039767,0.40632377320838253,0.5064164479148761,0.18047424987442218,6.757015742642026,383,1.1350948923182311
10,2.0,0.75,1.5,28.563085303725376,3.788346100452755,-12.703346311707353,0.5043142479356106,0.6350282142004663,0.29821639176768966,6.757015742642026,342,1.1914906699786014
10,2.0,0.75,2.0,37.50549187614076,4.8263784142412725,-12.991955807115751,0.6168952615094798,0.7747874828624702,0.3714897499572654,6.757015742642026,331,1.2434848789719781
10,2.0,0.75,3.0,43.15498067263619,5.452886674694191,-13.15721477301649,0.6714904198231533,0.8267439093820709,0.41444080443812914,6.757015742642026,328,1.276097156343982
10,2.0,1.0,1.0,28.454382847245398,3.775354184082924,-14.99618013113474,0.4835885198634895,0.6456318816732151,0.2517543901893134,6.757015742642026,371,1.1619893835911435
10,2.0,1.0,1.5,30.18292463667358,3.9808457965624156,-14.040479119973636,0.49809582403097546,0.6623418435882196,0.28352634995905257,6.757015742642026,326,1.1820844403557418
10,2.0,1.0,2.0,38.021633828555544,4.8845179234416225,-14.323777337782618,0.5896701969996141,0.782406615011837,0.3410076691542433,6.757015742642026,314,1.2233985361567348
10,2.0,1.0,3.0,43.298370880362484,5.4685120815170185,-13.973738489714227,0.6382748480880929,0.830366157062016,0.39134209399598213,6.757015742642026,311,1.250627070447013
10,2.0,1.5,1.0,36.573361153840466,4.720908147943348,-11.575300957101675,0.5500176850129974,0.7734991894599154,0.4078432315012058,6.757015742642026,362,1.1946801857344211
10,2.0,1.5,1.5,37.800981443771505,4.859685798689273,-12.212596523172026,0.5565797093183206,0.7735450731243021,0.397924044200475,6.757015742642026,310,1.2166333354855323
10,2.0,1.5,2.0,44.98331402906211,5.651131413808885,-12.46016190851641,0.6318215732952478,0.8742138611186132,0.4535359536497184,6.757015742642026,299,1.252182868793331
10,2.0,1.5,3.0,51.91202363781669,6.383581698583818,-11.338996265628321,0.6930435712081379,0.9458532302137925,0.5629759062479142,6.757015742642026,296,1.2874825363311004
10,2.0,2.0,1.0,29.546018294039065,3.905401414471399,-15.751016184794953,0.44423355913523205,0.6335047560410374,0.24794599717581584,6.757015742642026,361,1.1576495707979395
10,2.0,2.0,1.5,26.84299255991651,3.581656768681052,-14.725858747698018,0.404528542779193,0.5619027001212824,0.2432222683951077,6.757015742642026,310,1.1488272186895405
10,2.0,2.0,2.0,31.614045679350266,4.149227884197804,-14.967584916096776,0.45587027944742986,0.6237088249221602,0.277214253832998,6.757015742642026,296,1.169506603597192
10,2.0,2.0,3.0,36.060745770110515,4.662644243705549,-14.662041900635426,0.49531669376713955,0.6600080156167352,0.3180078378785344,6.757015742642026,292,1.1903683370554274
10,2.5,0.75,1.0,17.764628097306478,2.4494891435537403,-13.241836984777144,0.4202038253040588,0.5264859049741972,0.18498106768492018,6.757015742642026,383,1.1429561695542347
10,2.5,0.75,1.5,23.100470448755317,3.1235667152347713,-10.656133549231262,0.51170820684899,0.6456693485112435,0.29312383340579534,6.757015742642026,342,1.1969963853521162
10,2.5,0.75,2.0,30.201807364523738,3.9830777354087354,-11.22865409522873,0.6284272939944344,0.789608452316274,0.3547244132403385,6.757015742642026,331,1.2526410041403764
10,2.5,0.75,3.0,33.464216604500095,4.364617420697159,-11.088045602485819,0.6637945153613807,0.8140479792706914,0.39363270833939024,6.757015742642026,328,1.2777549304357732
10,2.5,1.0,1.0,23.334640739783374,3.1525750906940875,-12.341102756053635,0.4963432420932651,0.6659685929866284,0.25545327293767706,6.757015742642026,371,1.1697906106942717
10,2.5,1.0,1.5,24.40239126553405,3.284253248251834,-11.748620415735855,0.5049555428386177,0.6727074323048657,0.2795437363737596,6.757015742642026,326,1.1877614547678148
10,2.5,1.0,2.0,30.654807709977327,4.036539891394075,-12.312610058800932,0.6004365999272053,0.7969682475302994,0.327837872889412,6.757015742642026,314,1.2322940431523304
10,2.5,1.0,3.0,33.64018842789929,4.3849706273238365,-12.023300800596626,0.6312967276984425,0.8181681646847598,0.36470605701774034,6.757015742642026,311,1.2528782376303869
10,2.5,1.5,1.0,29.622666126718133,3.9144973959124307,-9.651129885501009,0.5615997316044699,0.7933496538861023,0.40559990823387637,6.757015742642026,362,1.2026002717766802
10,2.5,1.5,1.5,30.284025329276677,3.9927926871590413,-10.244268505106024,0.5628152903135705,0.7836653700419427,0.3897586914252515,6.757015742642026,310,1.2210408211324288
10,2.5,1.5,2.0,35.71543987738119,4.623291235855631,-10.784573897978579,0.6375300130338719,0.8816748424968331,0.4286948450250968,6.757015742642026,299,1.2576579368363343
10,2.5,1.5,3.0,39.83216630743684,5.087006936074556,-9.868802127611541,0.6821935946925803,0.9269455959788281,0.5154634645923051,6.757015742642026,296,1.2861382326352793
10,2.5,2.0,1.0,26.070438371034,3.488047250105697,-11.710240422425988,0.48327967277902967,0.6996274848420424,0.2978629920719497,6.757015742642026,361,1.1793558355033953
10,2.5,2.0,1.5,23.701959081966773,3.1979830876534887,-11.718012772826125,0.43754006504698073,0.6138042390686974,0.27291172570399974,6.757015742642026,310,1.1679704455202684
10,2.5,2.0,2.0,27.456161049639903,3.6556085533442806,-12.829418492134359,0.48869381494238423,0.6733755724665503,0.28493953608150774,6.757015742642026,296,1.189894797982183
10,2.5,2.0,3.0,29.90964794236566,3.9485135645676905,-12.101421615406505,0.5123345504620416,0.6847204514201255,0.3262851002183725,6.757015742642026,292,1.2050729004842797
14,1.0,0.75,1.0,26.44539294098078,3.533540928950396,-38.400831697832075,0.301065666266036,0.4092742634745851,0.09201730204061916,6.757015742642026,383,1.080452157768491
14,1.0,0.75,1.5,62.26659315226573,7.42681920720889,-30.59220563929088,0.5370243037596013,0.7409676737296489,0.24276834742736914,6.757015742642026,329,1.197154260954338
14,1.0,0.75,2.0,82.40704086783947,9.303149416294755,-31.78935942536566,0.6359741926472249,0.8726116574150004,0.2926497917687357,6.757015742642026,311,1.2473132211789661
14,1.0,0.75,3.0,87.38994211001459,9.739986344386464,-33.409190255413044,0.6451003479407135,0.8556058050726153,0.29153613930551237,6.757015742642026,305,1.2569096283779442
14,1.0,1.0,1.0,48.183128353872796,5.993015370784005,-33.70844912787858,0.4373441382910665,0.6271978832369358,0.17778970928174445,6.757015742642026,369,1.1315812906068758
14,1.0,1.0,1.5,84.98480746487832,9.530386911973032,-29.243386313850372,0.6397282156566647,0.9243224086897827,0.3258988822186852,6.757015742642026,307,1.2416005228228315
14,1.0,1.0,2.0,113.75233365066015,11.89867306642891,-30.461370520941465,0.7609412088738211,1.0951739086089807,0.39061515824604337,6.757015742642026,287,1.3038076714279676
14,1.0,1.0,3.0,118.47818380971971,12.261404159925537,-31.26181548318715,0.7627875559469974,1.0601474085717144,0.3922166377867535,6.757015742642026,281,1.31038172523412
14,1.0,1.5,1.0,60.38924384735569,7.241967134795391,-29.609747362850193,0.48143219886500194,0.7213640305603107,0.2445805108044086,6.757015742642026,362,1.1489550712827452
14,1.0,1.5,1.5,89.86451418590163,9.953258222639283,-27.38089894346786,0.6241463518378956,0.9316429168703099,0.3635110097440314,6.757015742642026,296,1.2403976334396212
14,1.0,1.5,2.0,115.13209342048394,12.005276572896717,-29.372137501117702,0.7239568301705351,1.0736408928211956,0.40873009573919766,6.757015742642026,276,1.2873796939518045
14,1.0,1.5,3.0,118.24775364776947,12.243873349131595,-30.914465305072312,0.7240667449709635,1.050376476588538,0.39605644892466163,6.757015742642026,270,1.292559479446507
14,1.0,2.0,1.0,53.1534563034467,6.5117981497703425,-35.29436040810444,0.4286496229594937,0.6550054103468207,0.18449967854567145,6.757015742642026,361,1.1302228216828905
14,1.0,2.0,1.5,68.3187461578642,8.010586761427717,-31.798239667245344,0.501986617807861,0.7444191480902818,0.25191918940340724,6.757015742642026,296,1.1787815663429788
14,1.0,2.0,2.0,84.48187945800434,9.486265134244087,-33.04235956071838,0.5696671063072409,0.8257540036752569,0.28709405927298265,6.757015742642026,272,1.2054705640344232
14,1.0,2.0,3.0,79.33183981098286,9.028454746084735,-35.5897101723358,0.5399224931146657,0.762997234245686,0.2536816035412009,6.757015742642026,266,1.1926737327452739
14,1.5,0.75,1.0,13.866485612285452,1.9403864794640624,-29.853617123142108,0.23191853383953653,0.29546224725751496,0.06499669609415275,6.757015742642026,376,1.0641380236507916
14,1.5,0.75,1.5,30.60746490684849,4.03095998914389,-26.533827733236258,0.41942744648825564,0.5479842520229633,0.15191777189744513,6.757015742642026,320,1.1568239587197575
14,1.5,0.75,2.0,41.16822003984502,5.23500294412047,-27.977175198057434,0.5149194051181796,0.6715296551347423,0.1871169232440578,6.757015742642026,300,1.2052446420351548
14,1.5,0.75,3.0,46.020974070551276,5.762698468454097,-28.4076454599013,0.546209789467823,0.6968279408073116,0.2028573074311425,6.757015742642026,294,1.226393292106303
14,1.5,1.0,1.0,25.77292120451864,3.4518670423126174,-26.94557854247058,0.35616355053980536,0.4806968112180842,0.12810513742994672,6.757015742642026,363,1.1103663656939606
14,1.5,1.0,1.5,37.15760220405065,4.787086272622321,-25.57476221344005,0.47112671334477296,0.64099477922624,0.18718008920945553,6.757015742642026,300,1.1762516054620265
14,1.5,1.0,2.0,51.234578784408335,6.313237544038053,-26.376127445694884,0.5896548055316889,0.797592389507301,0.23935422502928877,6.757015742642026,278,1.2369021220492482
14,1.5,1.0,3.0,55.3273751448472,6.73420499259656,-26.937166949750203,0.6094930602247127,0.8054710088128898,0.24999677973406956,6.757015742642026,272,1.2526523104554452
14,1.5,1.5,1.0,37.06099157867682,4.776159593306528,-23.30678324427581,0.4407267144480355,0.6255913539606631,0.20492573098776135,6.757015742642026,355,1.1463090132654195
14,1.5,1.5,1.5,45.1686585471198,5.671109070769842,-23.723165721919294,0.5132702336616617,0.7329763381926422,0.23905363800287224,6.757015742642026,288,1.1990868655181566
14,1.5,1.5,2.0,56.312789398463295,6.8341471676072185,-24.857910035335394,0.5967132658559025,0.8427861462670787,0.2749284697664652,6.757015742642026,267,1.242680096810332
14,1.5,1.5,3.0,60.4156514485142,7.24458009679394,-25.635571364156075,0.6171508440452008,0.8591031615495596,0.28259873727345075,6.757015742642026,261,1.259042904203716
14,1.5,2.0,1.0,33.388459767586156,4.355848212403002,-27.85678491243708,0.3935542352421083,0.5715328100291267,0.15636579117420932,6.757015742642026,354,1.1304259959247096
14,1.5,2.0,1.5,33.229233361833806,4.337403170320431,-26.373697113422534,0.39201016933485133,0.5585766639247685,0.1644594290920619,6.757015742642026,288,1.1418748284420648
14,1.5,2.0,2.0,40.34455915943824,5.1439070490422845,-27.351453853647335,0.44654805998282765,0.6215714554086428,0.18806704303787278,6.757015742642026,263,1.1666178858459646
14,1.5,2.0,3.0,41.30803305557728,5.250421112710302,-26.959559158628178,0.44708111912751436,0.6094388799123823,0.19475174211184937,6.757015742642026,256,1.1698311474351217
14,2.0,0.75,1.0,11.378043728970022,1.6075718920595339,-23.38555216767687,0.23623936129090087,0.2991714051884195,0.06874209685249569,6.757015742642026,376,1.071111337102916
14,2.0,0.75,1.5,20.326885315311326,2.776357089020154,-20.806082778166502,0.374450492641858,0.4837277857030745,0.13343968293414699,6.757015742642026,320,1.140404629723057
14,2.0,0.75,2.0,31.58256899190024,4.14554123208517,-21.656037201626066,0.524864330335376,0.6803758777844339,0.19142658435098633,6.757015742642026,296,1.218390213753224
14,2.0,0.75,3.0,35.81713287677339,4.634889597786063,-22.33217032391962,0.5657112191788856,0.7207488943661807,0.20754317787114981,6.757015742642026,290,1.2461207193048154
14,2.0,1.0,1.0,17.835359838689556,2.458593374329898,-21.30536885193162,0.3260853292295423,0.4351116446136808,0.11539783194633561,6.757015742642026,363,1.103420829660678
14,2.0,1.0,1.5,24.562832780436228,3.3039560834645654,-20.027558245033894,0.4225957022777349,0.5685427306315254,0.1649704893148333,6.757015742642026,300,1.1582045697178236
14,2.0,1.0,2.0,36.025941592667344,4.6586816218593174,-20.3494193829447,0.5657329971330396,0.7602999767007703,0.2289343756787411,6.757015742642026,274,1.2321486852608787
14,2.0,1.0,3.0,38.977861847235616,4.991742060473214,-21.135030943189893,0.5872229875396938,0.7727996836699662,0.2361833334377799,6.757015742642026,268,1.2494989741007152
14,2.0,1.5,1.0,27.80270897593431,3.6972703372308846,-18.321978444953025,0.43683567668362006,0.6154692373698263,0.20179427392838872,6.757015742642026,354,1.1503596502918252
14,2.0,1.5,1.5,30.577785911939536,4.027461094140472,-18.647624829293385,0.47344069125669325,0.6696351720849116,0.21597716229327876,6.757015742642026,288,1.1838297340467143
14,2.0,1.5,2.0,39.59194136989781,5.06026929089598,-19.2268232042502,0.5744564315796978,0.8066659904806082,0.2631880075631724,6.757015742642026,263,1.2384525744632426
14,2.0,1.5,3.0,42.95053808629592,5.43058523933273,-20.190079508064407,0.6011536774828363,0.8343461676880678,0.2689729496688521,6.757015742642026,257,1.2587628472062105
14,2.0,2.0,1.0,22.85423076206332,3.093012459364286,-22.361533286279787,0.3594036484252432,0.5143748237438563,0.13831844264731366,6.757015742642026,354,1.1220713868298118
14,2.0,2.0,1.5,21.957056559897392,2.981244826326712,-21.80670050473288,0.34768296664075293,0.48962181877484307,0.13671232957409898,6.757015742642026,288,1.1272815310237292
14,2.0,2.0,2.0,29.867331080875825,3.9435017421977747,-21.241150446806333,0.43761213078750993,0.6046637308683843,0.1856538680460545,6.757015742642026,259,1.1709030242116867
14,2.0,2.0,3.0,31.455545557310117,4.130656195347093,-21.612739286774342,0.4480544670429616,0.6094001816804763,0.19112136321723916,6.757015742642026,252,1.1795464595156075
14,2.5,0.75,1.0,9.394908010964187,1.3377717596388727,-19.329952058821465,0.23577914121711835,0.29709387566177803,0.06920719490498498,6.757015742642026,376,1.0734199976120404
14,2.5,0.75,1.5,16.64521838358668,2.304780495640424,-17.351622369862486,0.37904269939512336,0.4897991132072158,0.13282795386577384,6.757015742642026,320,1.144370152753651
14,2.5,0.75,2.0,25.310649569136135,3.3955065847675048,-18.372756619696407,0.5278654912146524,0.6810314977818824,0.18481203746678773,6.757015742642026,296,1.222079047679234
14,2.5,0.75,3.0,27.929668620039983,3.712509261615482,-19.264207199897744,0.5563975279232164,0.7021119854007003,0.19271539301317256,6.757015742642026,290,1.243259573136799
14,2.5,1.0,1.0,14.48492883509882,2.0221373928864805,-17.577145094699354,0.32545768236609074,0.43213599809786735,0.11504356264865138,6.757015742642026,363,1.1054939874695922
14,2.5,1.0,1.5,19.971327119440453,2.731354898174221,-16.70091692094352,0.4271660842792705,0.5748641230889402,0.16354520599698383,6.757015742642026,300,1.1619747532127918
14,2.5,1.0,2.0,28.737470843570346,3.8091687998643264,-17.282565769470104,0.5687575202667443,0.7609180727392977,0.22040528302766693,6.757015742642026,274,1.2359393598635409
14,2.5,1.0,3.0,30.419595772859353,4.008800416123748,-18.268060495089312,0.5794417387082503,0.7560227413026116,0.21944313230194112,6.757015742642026,268,1.2475611120214385
14,2.5,1.5,1.0,22.243972784821487,3.017064080407872,-15.070766526300384,0.4358331649515476,0.6112146976727387,0.20019314048444156,6.757015742642026,354,1.1523682037510345
14,2.5,1.5,1.5,24.65759992556378,3.315583698144109,-15.549422069877306,0.47740952150800364,0.6754059962622256,0.2132287414441681,6.757015742642026,288,1.187098180689542
14,2.5,1.5,2.0,31.24720675451964,4.10621579413144,-16.34712441313335,0.5730485299164534,0.8005944049746837,0.2511888752025701,6.757015742642026,263,1.2399103180638025
14,2.5,1.5,3.0,33.19430481134597,4.333354479284557,-17.48102984878769,0.5896440736821037,0.8108982574421252,0.2478889697442554,6.757015742642026,257,1.254392812946637
14,2.5,2.0,1.0,20.171278554275695,2.75667625683369,-17.288693849281568,0.38604484682483775,0.555869889902502,0.15944965425761437,6.757015742642026,354,1.1371501121813852
14,2.5,2.0,1.5,19.76241618195731,2.704860491769079,-17.02415848595341,0.3789245286975095,0.5383526638219287,0.15888365313333122,6.757015742642026,288,1.145463431364124
14,2.5,2.0,2.0,25.689031359474868,3.44165226082227,-18.017920824415956,0.4638185816057447,0.6429775962855881,0.19101273084508794,6.757015742642026,259,1.1883860721687551
14,2.5,2.0,3.0,26.383283229451916,3.526013034287656,-18.31896209260343,0.46467414364315757,0.6314308043533774,0.19247886514877058,6.757015742642026,252,1.1924071862791998
20,1.0,0.75,1.0,11.059301850775283,1.564485437209573,-26.4877075917035,0.17744689722557785,0.2378043639561353,0.05906458427152081,6.757015742642026,366,1.0359862827661697
20,1.0,0.75,1.5,49.15378824796144,6.095481881020182,-26.17243399092064,0.45924368253061976,0.6298328165050483,0.23289701993841067,6.757015742642026,309,1.1679076678737403
20,1.0,0.75,2.0,56.01411134207268,6.803911626399883,-23.423294771658433,0.4956393154235712,0.6773405462852224,0.2904762840893091,6.757015742642026,282,1.1980619182052072
20,1.0,0.75,3.0,68.88176743896928,8.063979930429777,-24.754874171570616,0.5539760533112054,0.7316150062740564,0.32575321831733406,6.757015742642026,267,1.23295490885422
20,1.0,1.0,1.0,28.313102108820587,3.758454565706826,-21.48710470827586,0.30821054121713776,0.4380341264050385,0.1749167520116956,6.757015742642026,352,1.0803864769745868
20,1.0,1.0,1.5,84.03315443883133,9.446811979569514,-23.84166761352259,0.6387433255996097,0.9232589591137409,0.39623117529796625,6.757015742642026,286,1.2484831000110914
20,1.0,1.0,2.0,102.54782101835644,11.010572492194171,-20.852247365535636,0.7215177919641934,1.0421179770367976,0.5280280968847667,6.757015742642026,257,1.3155624077926467
20,1.0,1.0,3.0,111.47912885437195,11.72175435704208,-22.22551122517027,0.7399020105513604,1.0227486298749444,0.5274008880284948,6.757015742642026,245,1.3378384446369351
20,1.0,1.5,1.0,36.01330363528212,4.657242516255344,-22.98317358034986,0.346198308476335,0.5126834995809467,0.20263705097007104,6.757015742642026,347,1.0899484877889434
20,1.0,1.5,1.5,80.7426344391237,9.154969291114634,-24.280822467330864,0.5872941576948452,0.8667016133818582,0.37704527115720143,6.757015742642026,276,1.2100033345995067
20,1.0,1.5,2.0,93.13665192372791,10.231661572284478,-22.340342077869522,0.6405751327840469,0.9393153912281815,0.45799037170608164,6.757015742642026,245,1.252680597085434
20,1.0,1.5,3.0,98.21218277389137,10.655653013382004,-24.254470745425373,0.6500707187555153,0.9259500531109023,0.43932737701117486,6.757015742642026,234,1.2653175352197288
20,1.0,2.0,1.0,23.850775109475265,3.216347073309511,-28.303175903677413,0.26236444969201517,0.39685290473290386,0.11363908715599698,6.757015742642026,346,1.059733480013573
20,1.0,2.0,1.5,61.10055339421601,7.312221643815664,-27.713756088133913,0.47061234159889226,0.6950035290459499,0.26384809119924774,6.757015742642026,276,1.1570187318116891
20,1.0,2.0,2.0,62.52023716407924,7.451654213158387,-27.284246481699014,0.4751120728477225,0.6836539164433075,0.2731119665758996,6.757015742642026,240,1.1681759849081
20,1.0,2.0,3.0,61.502333109990424,7.351787838533141,-29.589490583064503,0.46369978660710837,0.6498049352421782,0.24845942575101057,6.757015742642026,229,1.169430510807173
20,1.5,0.75,1.0,2.974737580629716,0.43476563503184185,-23.49549259786272,0.09391302442412056,0.11682400409355037,0.018504214509271047,6.757015742642026,359,1.0142516676344122
20,1.5,0.75,1.5,31.437827192117407,4.128578923432191,-21.429522650946087,0.42678799584571764,0.5561236657650012,0.19265846424488225,6.757015742642026,291,1.1683623724655852
20,1.5,0.75,2.0,34.13388756028588,4.44195107694505,-21.46647024715027,0.44944093434803395,0.5852806828527957,0.20692508017403236,6.757015742642026,268,1.196013197112662
20,1.5,0.75,3.0,43.86930745502384,5.530595919425396,-23.132236730642376,0.5272315198156095,0.6726197401365367,0.23908608509523122,6.757015742642026,253,1.2475454769094902
20,1.5,1.0,1.0,11.827057784604179,1.6680902096515737,-19.14445624506057,0.20283903126955333,0.268052625179348,0.08713176223440428,6.757015742642026,345,1.0512514199765208
20,1.5,1.0,1.5,43.302922399091415,5.469007847921059,-19.217492753317767,0.5296793604385077,0.7207373784909439,0.28458487889773615,6.757015742642026,272,1.21174035492327
20,1.5,1.0,2.0,50.693515050830996,6.256861759428789,-18.818037016972035,0.5912649535630706,0.8041876819350245,0.3324927968727934,6.757015742642026,244,1.2696095242737688
20,1.5,1.0,3.0,58.52007752515327,7.056080193473813,-20.085262123989402,0.6390946519263976,0.8453189333392076,0.3513063533806802,6.757015742642026,232,1.3101181155691264
20,1.5,1.5,1.0,20.159295670104104,2.75515978535692,-18.467945050692723,0.28351566087990987,0.39290756764788676,0.1491860506295786,6.757015742642026,339,1.0790756232556071
20,1.5,1.5,1.5,46.92004667902347,5.858820027292455,-18.657791261130686,0.5310105995850477,0.7511461974714521,0.3140146625768072,6.757015742642026,262,1.205182050845183
20,1.5,1.5,2.0,52.80797090518274,6.4762052467752795,-18.824759928723655,0.5758360892111696,0.8118889563675685,0.34402591434345986,6.757015742642026,231,1.2523852586371462
20,1.5,1.5,3.0,57.970828187488685,7.001102868030973,-19.785854381671054,0.6035448168709509,0.8330706587486214,0.3538438488921943,6.757015742642026,220,1.2775506955335152
20,1.5,2.0,1.0,13.422232052437488,1.881427587792417,-22.690787489658536,0.2087809207658666,0.2972562045553071,0.08291592297754712,6.757015742642026,338,1.052426277640164
20,1.5,2.0,1.5,36.21809605465065,4.680548554089259,-21.342546290737673,0.4200377631871948,0.5983265691907722,0.21930600455675445,6.757015742642026,262,1.154415806668922
20,1.5,2.0,2.0,35.44127748282957,4.591985340891869,-20.76825048237193,0.4103700360326886,0.5715002744143667,0.22110602647004576,6.757015742642026,226,1.162934416725103
20,1.5,2.0,3.0,38.66090898584793,4.956271211195862,-21.724844166885305,0.42952339676012774,0.586165238813699,0.22813840104549957,6.757015742642026,214,1.1808827983700938
20,2.0,0.75,1.0,1.9491404247589328,0.2860949412482716,-17.653192415893205,0.07569877723929032,0.09313337619734166,0.016206413803698177,6.757015742642026,359,1.0124337422809415
20,2.0,0.75,1.5,18.351844174529973,2.5249318508471674,-17.194180317266138,0.3427244770540567,0.44049022329872944,0.1468480499946641,6.757015742642026,291,1.132007986111171
20,2.0,0.75,2.0,20.49604900878965,2.7977279894198626,-17.688849844349498,0.3702042924403176,0.4751237618779487,0.158163363589949,6.757015742642026,264,1.158785756908648
20,2.0,0.75,3.0,25.606970053038246,3.431654508137183,-19.573945663966086,0.4283440977096636,0.5365442358365878,0.17531746368615692,6.757015742642026,249,1.196137858963491
20,2.0,1.0,1.0,6.502883004353732,0.9367522412527363,-14.92132874116454,0.15156046882033924,0.1970533638804433,0.06277941177372834,6.757015742642026,345,1.0377934890544012
20,2.0,1.0,1.5,25.345634051036136,3.399778105849993,-15.699864364894122,0.43261318317532577,0.5780741893370424,0.21654824696779607,6.757015742642026,272,1.1690147250155472
20,2.0,1.0,2.0,32.55684527789082,4.259304937935715,-16.120644863389522,0.5250293482767411,0.7012986762081136,0.2642143024692968,6.757015742642026,240,1.2375790069679409
20,2.0,1.0,3.0,36.219870802919644,4.6807503956538765,-17.69153969988293,0.5535194824908759,0.7167944873896389,0.2645756375678738,6.757015742642026,228,1.2638868962045369
20,2.0,1.5,1.0,14.665024384494462,2.0458731612378545,-12.776672150411816,0.2650799061030798,0.36277020976603747,0.16012566786977564,6.757015742642026,338,1.0784074937578831
20,2.0,1.5,1.5,29.14946158572562,3.858267721459563,-14.920040388662791,0.4573114752376529,0.6363675983668091,0.25859633224527484,6.757015742642026,262,1.1761525308234904
20,2.0,1.5,2.0,35.315999488501085,4.577662194911025,-15.365523047892072,0.5292098498353698,0.7337369211057752,0.29791775917052266,6.757015742642026,227,1.2340563413690708
20,2.0,1.5,3.0,36.311721902136426,4.691193535033955,-16.467696762143902,0.527057620756123,0.7104430863811164,0.28487247505177016,6.757015742642026,216,1.2405620749269364
20,2.0,2.0,1.0,7.3659431619714555,1.0573890196165614,-18.105367702768937,0.15629949632006784,0.2184143595188248,0.05840196327273983,6.757015742642026,338,1.0390935864357287
20,2.0,2.0,1.5,22.164728519570964,3.0071782173685113,-17.02791061594764,0.35215701795763277,0.4947416535416076,0.1766028895261003,6.757015742642026,262,1.1301177093866186
20,2.0,2.0,2.0,23.120723129312502,3.1260774183331064,-17.92192280146727,0.3607033381802852,0.49396642293993487,0.17442756856854522,6.757015742642026,222,1.1457355140117744
20,2.0,2.0,3.0,24.077628288534036,3.244304749337279,-19.120525328295745,0.36487713899905394,0.48983216278584646,0.1696765488203483,6.757015742642026,210,1.153867478436786
20,2.5,0.75,1.0,1.7984911040761498,0.2641495690405504,-14.277787116494867,0.07298343018583178,0.08969900497352289,0.018500735925344007,6.757015742642026,359,1.0142793841423097
20,2.5,0.75,1.5,14.998978119832929,2.089802802431895,-14.356100293348351,0.3452743714308014,0.44563533153924567,0.1455689748420167,6.757015742642026,291,1.1361382929978165
20,2.5,0.75,2.0,16.69456884196414,2.3111850215390417,-14.52099390952889,0.3724049847178971,0.47795069182726774,0.15916162736094863,6.757015742642026,264,1.1629901872952484
20,2.5,0.75,3.0,19.11447193353637,2.6224359946291242,-16.884086238878314,0.40053348381366355,0.49620563493657177,0.1553199834167244,6.757015742642026,249,1.1844654797502991
20,2.5,1.0,1.0,5.464731440049397,0.7905330557320456,-12.26788244633985,0.14893229809474437,0.19342448487075292,0.06443924281063704,6.757015742642026,345,1.039806107280801
20,2.5,1.0,1.5,20.44247071864318,2.7909620686535908,-13.120380151284172,0.43502381638145793,0.5836547852797842,0.21271960388894848,6.757015742642026,272,1.1733552289772455
20,2.5,1.0,2.0,25.98658182930116,3.4778570657621577,-13.220585287675146,0.526829530101516,0.7036583748263573,0.2630637744158256,6.757015742642026,240,1.2419197942333857
20,2.5,1.0,3.0,27.131883404476408,3.616536588948893,-15.228014062821526,0.5253161377395348,0.6727579678220583,0.23749233314529802,6.757015742642026,228,1.251532726714691
20,2.5,1.5,1.0,11.960179285641548,1.6859925952515953,-10.486438823954048,0.262512930426128,0.35888996471224927,0.16077837515251625,6.757015742642026,338,1.0810565793226465
20,2.5,1.5,1.5,23.47356679322874,3.16976269967304,-12.449778073537088,0.4601687652254183,0.64279341513867,0.2546039520504066,6.757015742642026,262,1.1814992292577693
20,2.5,1.5,2.0,27.80791253373145,3.6978951719946584,-12.826264272863352,0.52517869826091,0.7271795570338411,0.2883064852966058,6.757015742642026,227,1.2358688588518691
20,2.5,1.5,3.0,26.652812764424837,3.558658063839837,-14.56307424270521,0.4910068034701311,0.6532824805425799,0.24436173328048538,6.757015742642026,216,1.2250397785337137
20,2.5,2.0,1.0,7.819938549769967,1.120516296997831,-13.63181375485263,0.1814805215151541,0.2558614777443538,0.08219862133892136,6.757015742642026,338,1.0527806813947924
20,2.5,2.0,1.5,18.170349915697525,2.5016484554572838,-14.185581929350377,0.35492742295812035,0.5003501016199324,0.17635148617211827,6.757015742642026,262,1.1361146361903296
20,2.5,2.0,2.0,20.339294562886344,2.7779256520841455,-13.957554717801768,0.3855537976084404,0.5316727139064097,0.1990266710931191,6.757015742642026,222,1.1647304738001365
20,2.5,2.0,3.0,17.54569171430729,2.42127920417603,-17.47583983198504,0.3325016884435367,0.44161475715217025,0.13855009129486867,6.757015742642026,210,1.141772443598223
26,1.0,0.75,1.0,21.196347874683784,2.8859275608034807,-26.349366413397412,0.2624918844172555,0.3500716120462553,0.10952550112689322,6.757015742642026,354,1.0607758926555133
26,1.0,0.75,1.5,57.73037447313125,6.976983290088734,-20.081827637056946,0.5132630423227151,0.7019522069255306,0.34742770509662796,6.757015742642026,300,1.1738255841225853
26,1.0,0.75,2.0,65.46426276564516,7.737521962970373,-20.67039670613502,0.5535035470584226,0.7612413061745613,0.37432866301370304,6.757015742642026,272,1.2085994503135986
26,1.0,0.75,3.0,85.48639345318311,9.574289277183778,-21.063253971391337,0.636956566431276,0.8499149005119544,0.4545493915701643,6.757015742642026,243,1.2624493773936083
26,1.0,1.0,1.0,46.603297758911836,5.825013121689615,-20.736716404970856,0.4329030575083591,0.611520794150074,0.28090335074907447,6.757015742642026,342,1.1155364891032507
26,1.0,1.0,1.5,96.96775491166223,10.5525615838987,-18.680396469354086,0.7045565203041945,1.0103657728134012,0.5649003007623841,6.757015742642026,278,1.249105436689142
26,1.0,1.0,2.0,117.21991208732612,12.165483995943127,-16.281179684531256,0.7929428352825543,1.1475093901050095,0.7472114571342486,6.757015742642026,247,1.3203788054924
26,1.0,1.0,3.0,139.83566503750794,13.821703787776961,-17.733726088448996,0.8542578877918399,1.1867535814719896,0.7794021244514338,6.757015742642026,221,1.3751252425267144
26,1.0,1.5,1.0,44.61737782931148,5.6116244172506935,-25.45217470255714,0.39974430344704187,0.585933892370574,0.22047720805118087,6.757015742642026,336,1.0996008220084186
26,1.0,1.5,1.5,85.58246497598876,9.582686594107525,-25.443864233570178,0.6119185147141212,0.8827284706443368,0.37662072498658833,6.757015742642026,265,1.1978580322966026
26,1.0,1.5,2.0,102.24468963206354,10.985969394284156,-22.72370963224759,0.6865628175865889,0.9899932017155841,0.4834584481177222,6.757015742642026,231,1.2530239393878677
26,1.0,1.5,3.0,100.15801619265052,10.815750650062771,-24.762703691511,0.6637457149367376,0.9309300837354474,0.43677583776001655,6.757015742642026,207,1.258812373281836
26,1.0,2.0,1.0,39.91224103257185,5.095910759546607,-28.04243737636073,0.36146895408487223,0.5436333905816483,0.1817213921583852,6.757015742642026,335,1.0873613744416601
26,1.0,2.0,1.5,86.88271447640925,9.695974665445629,-27.149628035422,0.591734951406668,0.8693079268353175,0.35713103151156744,6.757015742642026,264,1.1894312821437627
26,1.0,2.0,2.0,97.32386381113436,10.582119058487226,-25.072224665044228,0.6362636974836553,0.9226934300008943,0.42206542099316974,6.757015742642026,225,1.227077464249186
26,1.0,2.0,3.0,88.08200674193378,9.799872728237835,-28.434427280553052,0.5904880261379412,0.8391726694586096,0.34464814893388723,6.757015742642026,200,1.2229606559277155
26,1.5,0.75,1.0,17.747382590981363,2.447268683084469,-21.762205115424404,0.2800414369149424,0.3505834776549839,0.11245499571869755,6.757015742642026,346,1.0757965359708068
26,1.5,0.75,1.5,42.99239273213837,5.43515312684415,-15.785155555009656,0.5421318035923397,0.7073498043064546,0.344320530000683,6.757015742642026,285,1.1998122812100964
26,1.5,0.75,2.0,44.114912291723996,5.557238519197494,-14.427888576900916,0.5482368597692899,0.7189797731017309,0.3851733737460827,6.757015742642026,262,1.224199513304558
26,1.5,0.75,3.0,51.56293321614933,6.347366488663564,-16.59829335308184,0.5933007699003888,0.7636932436129628,0.38241079089526003,6.757015742642026,234,1.2655495794573337
26,1.5,1.0,1.0,32.491227838156725,4.251665373171276,-17.242675958923726,0.4288932825754379,0.5693291693753821,0.24657804758958432,6.757015742642026,334,1.1248101450833647
26,1.5,1.0,1.5,55.65522303847936,6.767515627930298,-15.146961047657292,0.6384098781605158,0.8562109842377496,0.44679032359279736,6.757015742642026,267,1.2380958788293255
26,1.5,1.0,2.0,61.887348804052664,7.389624546988904,-13.309215473746228,0.6899944889741259,0.9327176560106332,0.5552261560093971,6.757015742642026,238,1.2924227997834385
26,1.5,1.0,3.0,72.27072209618288,8.382198983558165,-14.35085772110467,0.7465178211914826,0.9876006172211752,0.5840904527421472,6.757015742642026,213,1.3473156096074943
26,1.5,1.5,1.0,26.669510113571636,3.5606784751123444,-20.548487854845288,0.3494085337024829,0.48280449473283227,0.17328177626816196,6.757015742642026,328,1.09634762978801
26,1.5,1.5,1.5,44.01889702157802,5.5468276312854226,-19.11540282562829,0.5066027601285354,0.698262831302208,0.29017581695159006,6.757015742642026,254,1.1756448622096467
26,1.5,1.5,2.0,48.811733495948694,6.059438296203967,-17.16602735850189,0.5481250243277158,0.7568260781665425,0.3529901339230293,6.757015742642026,221,1.2128434179019147
26,1.5,1.5,3.0,51.274680231825066,6.317409044615463,-19.658264463656792,0.5552612219366734,0.7521531103976485,0.3213614841887375,6.757015742642026,196,1.233889782927176
26,1.5,2.0,1.0,25.781702795745698,3.45293599025176,-22.66204319364521,0.3300310309607356,0.4696640392887249,0.15236649055633328,6.757015742642026,327,1.0906484169510005
26,1.5,2.0,1.5,45.39651501352504,5.695639187840884,-20.193754746432614,0.49777065734832404,0.7036270209452969,0.28204953756047096,6.757015742642026,253,1.1727685933309318
26,1.5,2.0,2.0,46.56947836664052,5.8213998705927805,-20.673141822200147,0.5067936616894845,0.708051205637044,0.2815924120610147,6.757015742642026,215,1.1915492892583124
26,1.5,2.0,3.0,44.33355152666185,5.580923430120466,-22.08296378341661,0.48113783280315364,0.6627782205416984,0.25272529017647116,6.757015742642026,189,1.195740943541372
26,2.0,0.75,1.0,14.798079035810785,2.0633887615836954,-15.531869723083979,0.29406383935080277,0.3679306221930682,0.1328487038825093,6.757015742642026,345,1.0877429851610096
26,2.0,0.75,1.5,26.976630734615515,3.5978002478999294,-14.387301345751935,0.4699120443997063,0.606736392550622,0.2500677619407919,6.757015742642026,285,1.1751225730878112
26,2.0,0.75,2.0,29.848621434867884,3.941285410673978,-11.911079674156433,0.5025131273329667,0.64931257868731,0.33089237235356733,6.757015742642026,261,1.2111013517552465
26,2.0,0.75,3.0,34.1212549142162,4.440495305195746,-13.209446018900628,0.5363956764337501,0.6792281306306188,0.3361606004401774,6.757015742642026,233,1.2458077935628569
26,2.0,1.0,1.0,23.15752703229883,3.1306390581430588,-13.540171498444064,0.40751689877574,0.5373782744857366,0.2312111821111578,6.757015742642026,333,1.1248776814873571
26,2.0,1.0,1.5,35.37022978202282,4.583863779464714,-13.894250658664209,0.5672986439271476,0.7534367643988326,0.32991083089510104,6.757015742642026,267,1.2145389130789503
26,2.0,1.0,2.0,42.38404454087799,5.3686475202956,-11.313421790669642,0.6514821576257672,0.8700178824333067,0.4745379090102703,6.757015742642026,238,1.283581410840449
26,2.0,1.0,3.0,48.29730950926003,6.005098390301344,-12.371457212903536,0.6947950143525565,0.9056796593179627,0.4853994389632593,6.757015742642026,213,1.3313745649069981
26,2.0,1.5,1.0,21.481832473173856,2.92175855089587,-16.01170994077735,0.36062501795780566,0.4967025741434116,0.1824763602202765,6.757015742642026,326,1.1087654230860735
26,2.0,1.5,1.5,27.79850237781534,3.6967651999208817,-16.91675864811891,0.44111427893120486,0.6008002712353592,0.21852680391180906,6.757015742642026,254,1.1563872889848392
26,2.0,1.5,2.0,32.187030133739604,4.216206734795103,-13.635167798066972,0.49368787209717324,0.6685010230365387,0.3092156104886971,6.757015742642026,220,1.1987728071785393
26,2.0,1.5,3.0,33.24014977000065,4.338668344065377,-16.46061584704296,0.4924969208314806,0.6509252068553495,0.2635787375382307,6.757015742642026,194,1.2142650727537638
26,2.0,2.0,1.0,18.16984398812216,2.501583508839267,-18.182950409226873,0.3045545043847539,0.4287882135438445,0.1375785256263938,6.757015742642026,326,1.0898243432613592
26,2.0,2.0,1.5,29.44945576622089,3.8939355792044994,-17.7373810205822,0.4434548972609009,0.622229777929085,0.2195327244019866,6.757015742642026,253,1.1589447197748515
26,2.0,2.0,2.0,30.790516700225457,4.052525239792848,-16.789282296849585,0.45673835090150366,0.6267647573085764,0.24137572816637204,6.757015742642026,214,1.179480070160994
26,2.0,2.0,3.0,29.232118621156932,3.8681022827342204,-18.338675770897662,0.4299729751735836,0.5801978567989188,0.21092593222421535,6.757015742642026,187,1.1815035436349137
26,2.5,0.75,1.0,11.127318103533156,1.5736884796730966,-12.061068541499242,0.2735102249119824,0.3406174603670373,0.13047670480093967,6.757015742642026,345,1.0846334832714153
26,2.5,0.75,1.5,19.858839953603223,2.717093991696218,-11.460489798236996,0.4364492098144404,0.5602242296632183,0.23708358364528165,6.757015742642026,285,1.1668174749539044
26,2.5,0.75,2.0,22.103646278427092,2.9995543696608618,-10.236019903235915,0.47033592249124034,0.6013514443493765,0.29303913024950373,6.757015742642026,260,1.2036129781835925
26,2.5,0.75,3.0,24.850557747935543,3.339235723270395,-11.352188247741058,0.4946171875066192,0.6132166448053679,0.2941490794900147,6.757015742642026,232,1.2336825892474814
26,2.5,1.0,1.0,17.590467384543995,2.427052185874712,-10.402952054806459,0.3872113407419734,0.5081393919474513,0.23330417876465603,6.757015742642026,333,1.1229139420244934
26,2.5,1.0,1.5,26.20183236550373,3.5040025426780863,-11.045078322284729,0.5344999425320583,0.7058614065923466,0.3172456039182949,6.757015742642026,267,1.2074579972086747
26,2.5,1.0,2.0,31.65283817099118,4.153770353861996,-8.930644504661611,0.6219425011613763,0.8227696735866166,0.46511428729402615,6.757015742642026,237,1.279260264531053
26,2.5,1.0,3.0,35.871960791780296,4.641139800278027,-10.182673647817841,0.6605977447587326,0.8451705724649231,0.45578793554604674,6.757015742642026,212,1.3261680682416133
26,2.5,1.5,1.0,16.389299320029572,2.271531160334894,-12.442909310976313,0.3422465892096023,0.4694324675155934,0.1825562739038128,6.757015742642026,326,1.1077266124934502
26,2.5,1.5,1.5,20.63875339596062,2.815736346710662,-13.538280927684632,0.4122961222748837,0.5590551444684839,0.20798330022482553,6.757015742642026,254,1.1509617651763433
26,2.5,1.5,2.0,23.669091660066076,3.1939246908892605,-11.284446954753513,0.45940817393200345,0.6164833368448018,0.28303776903695194,6.757015742642026,219,1.1914371405317505
26,2.5,1.5,3.0,23.679566424012457,3.1952181913957656,-13.598638031617917,0.44441800340091026,0.5750751953694453,0.23496604468525661,6.757015742642026,193,1.199524804069839
26,2.5,2.0,1.0,15.565620975091532,2.1640932653368417,-12.985905842176681,0.3156727907180264,0.44742201989686714,0.16664938831668744,6.757015742642026,326,1.1005574369425712
26,2.5,2.0,1.5,22.49362110306288,3.0481724970818025,-14.217654018107307,0.42537101896162277,0.5978496775385274,0.21439349228780738,6.757015742642026,253,1.1586401040969214
26,2.5,2.0,2.0,25.406720074440294,3.407234127720482,-12.322977046403416,0.4672385178223826,0.6448706311260461,0.27649439862544556,6.757015742642026,212,1.196914053811203
26,2.5,2.0,3.0,21.30111534415542,2.899085203605445,-15.375064226177038,0.3939380947692292,0.5232889798200057,0.18855759956238527,6.757015742642026,186,1.172586325649916
34,1.0,0.75,1.0,69.64164048896144,8.135801248380027,-19.78375171308696,0.5916006352326457,0.8048515122732622,0.4112365220899022,6.757015742642026,340,1.1790112531693473
34,1.0,0.75,1.5,144.01185741357062,14.112867866069113,-17.550704160690557,0.9378826540573187,1.2980093344780592,0.8041197513703531,6.757015742642026,281,1.383004577728253
34,1.0,0.75,2.0,154.41632739636032,14.820215175644513,-14.56645676383117,0.9651936356180618,1.3463479606264195,1.0174207369662767,6.757015742642026,252,1.4555905673761433
34,1.0,0.75,3.0,212.04549607330966,18.342693164687528,-15.24785010517885,1.0920061640573113,1.4653203855345442,1.2029691424142168,6.757015742642026,210,1.628963546188227
34,1.0,1.0,1.0,97.93414290883906,10.632667454465627,-18.245537030480598,0.7115099149387745,1.0159273344525013,0.5827544257372597,6.757015742642026,328,1.2172639159848981
34,1.0,1.0,1.5,180.5440103503174,16.49347669956349,-15.807234752966004,1.0314014833524945,1.4844003762511164,1.0434131558948805,6.757015742642026,259,1.4017514972652427
34,1.0,1.0,2.0,193.95412425270732,17.30127108632771,-15.236268149682097,1.0683562442659087,1.5518224474872282,1.135532068375201,6.757015742642026,227,1.4863058819651882
34,1.0,1.0,3.0,238.76506406212866,19.790392887002774,-15.540575112067522,1.1434301301413818,1.5791475973337694,1.273465926729777,6.757015742642026,191,1.6080348831479652
34,1.0,1.5,1.0,99.29637259041483,10.74502139752942,-19.54087175979592,0.6736788088084631,0.9992760131894685,0.5498742087667045,6.757015742642026,323,1.1929846183084625
34,1.0,1.5,1.5,160.8939050873412,15.248239434318634,-19.250049733037432,0.9004123243780949,1.306262877233733,0.7921142877957978,6.757015742642026,248,1.3145061646113596
34,1.0,1.5,2.0,179.50755018103757,16.42968225934065,-19.24509585574676,0.9623513099966763,1.4035809299017388,0.8537074786475848,6.757015742642026,213,1.3898522336910226
34,1.0,1.5,3.0,179.4535190249238,16.426351101088986,-19.583777108988464,0.9317536830496327,1.3061852019739426,0.8387733893044412,6.757015742642026,183,1.4198692442383476
34,1.0,2.0,1.0,94.12971927412843,10.315359771570076,-24.14523412953229,0.6260580143777325,0.9489906087092903,0.4272213603823891,6.757015742642026,322,1.1775534773896548
34,1.0,2.0,1.5,168.5868396683611,15.744964450971398,-22.794128508102528,0.882661086675697,1.3014845637613586,0.6907464983964886,6.757015742642026,247,1.3018638550854673
34,1.0,2.0,2.0,165.56877820855362,15.551554433025316,-21.4837759959435,0.8754273330774424,1.2709000510942983,0.7238743522536129,6.757015742642026,207,1.3349844683545198
34,1.0,2.0,3.0,166.51039551776736,15.612097334745023,-23.609664478347437,0.8614360988727334,1.2171401204609178,0.6612587548231772,6.757015742642026,175,1.3735913991015918
34,1.5,0.75,1.0,57.23838784223152,6.927535009988617,-15.492879125213166,0.6848277534695888,0.8854137908113507,0.44714316519224123,6.757015742642026,333,1.2359354783445058
34,1.5,0.75,1.5,113.20075027309593,11.855892332997332,-13.023472899887222,1.1005466506225654,1.4857183568612344,0.910347986603481,6.757015742642026,269,1.5176111956543399
34,1.5,0.75,2.0,116.71098890083078,12.126553424404229,-10.539141342399871,1.1155633416140744,1.5340921817841262,1.1506206274716198,6.757015742642026,241,1.6170801060502107
34,1.5,0.75,3.0,128.15870681057442,12.984027226828033,-12.168377937994535,1.1166119691969825,1.4756768945654315,1.0670302396087414,6.757015742642026,202,1.7212582832914374
34,1.5,1.0,1.0,70.44915948636354,8.211826150353563,-13.894685048249912,0.7641296248265101,1.0379497925910954,0.5910048426313825,6.757015742642026,321,1.2599490538606233
34,1.5,1.0,1.5,121.21307180051772,12.468276628999497,-12.559603374085992,1.1065127326283413,1.5293501983670463,0.9927285327118747,6.757015742642026,249,1.5009509661379745
34,1.5,1.0,2.0,131.16852591235494,13.203377290864339,-11.586699919852684,1.1672339513296976,1.6525921397358962,1.1395287167350934,6.757015742642026,214,1.6449234406555662
34,1.5,1.0,3.0,144.07882057906968,14.11750184407361,-12.468702000664479,1.182548530887829,1.6033103714695687,1.1322350829558092,6.757015742642026,179,1.7558584791977943
34,1.5,1.5,1.0,54.85773960014741,6.6863836556359635,-15.408493688793278,0.5968968423516163,0.8405714692075488,0.43394142157445437,6.757015742642026,317,1.187842766417497
34,1.5,1.5,1.5,97.17605120710773,10.569855952962403,-14.0767803466756,0.8930503359126943,1.2560126718556308,0.7508716974090315,6.757015742642026,238,1.367321827126436
34,1.5,1.5,2.0,121.47320756833824,12.487840146060257,-13.785875357854804,1.049052861399437,1.5172194637810084,0.9058431054902174,6.757015742642026,200,1.5346228780546987
34,1.5,1.5,3.0,118.61081467481758,12.27148739235977,-15.279020574169877,0.9962092076124734,1.3855889118573006,0.8031592949816085,6.757015742642026,169,1.5685965943405675
34,1.5,2.0,1.0,54.49817922113844,6.649687298587081,-19.62881263810261,0.5702150666125324,0.824512037788948,0.3387717546235575,6.757015742642026,316,1.1801888217087386
34,1.5,2.0,1.5,101.35108318212937,10.913258206391596,-16.554286650044027,0.877804101750973,1.2597630611518646,0.659240620698239,6.757015742642026,237,1.3578637975442756
34,1.5,2.0,2.0,114.30089351283344,11.941126112894128,-14.216240086396404,0.9566383108577472,1.3778806911653276,0.8399637344561067,6.757015742642026,194,1.4643061743168713
34,1.5,2.0,3.0,112.34984956066474,11.789711278773328,-16.797600540739587,0.9237524629294668,1.2993028431810623,0.7018687728749998,6.757015742642026,161,1.5073663646861772
34,2.0,0.75,1.0,40.4160721789516,5.151834333855709,-12.173076175916552,0.6639930730221362,0.8413217618120004,0.42321548468153,6.757015742642026,332,1.2403765285068604
34,2.0,0.75,1.5,71.55488806077716,8.315430123119395,-11.394417533102285,1.0196506881800593,1.3426907635830339,0.7297810615559746,6.757015742642026,268,1.4840112875838865
34,2.0,0.75,2.0,76.86819103690945,8.805476644722132,-9.098453063128142,1.0598680013192607,1.4164352639961462,0.9677993152931339,6.757015742642026,239,1.6067056854870845
34,2.0,0.75,3.0,87.43214367777874,9.743643560437265,-10.31702943174344,1.0957673862027248,1.432076894928439,0.9444233560542163,6.757015742642026,201,1.747883962548255
34,2.0,1.0,1.0,48.29175867965214,6.004511166875903,-11.178886034212276,0.7317127982597709,0.9736827504521428,0.5371296521406046,6.757015742642026,319,1.2599333918385576
34,2.0,1.0,1.5,77.8049364402913,8.890568870393123,-11.019634560038249,1.0446714877164527,1.420835966339756,0.8067934396512568,6.757015742642026,248,1.4828780761728824
34,2.0,1.0,2.0,89.75081780301393,9.94351131535176,-9.895683758080853,1.154606011494721,1.6064550618259235,1.0048331735775056,6.757015742642026,212,1.6680574372987287
34,2.0,1.0,3.0,99.99490622420161,10.802381466274769,-10.390411799001154,1.1864326333045028,1.5941894645499277,1.039649022121839,6.757015742642026,177,1.8089254737713771
34,2.0,1.5,1.0,40.763636425176664,5.190313239070243,-11.977448005121916,0.5990276874696072,0.8310631048333047,0.4333404943065259,6.757015742642026,314,1.2019787369160846
34,2.0,1.5,1.5,62.57616473726031,7.457125796820829,-11.726761911141171,0.8305572901316741,1.1508177851905845,0.6359066427140543,6.757015742642026,237,1.3492843304510675
34,2.0,1.5,2.0,80.82959327846146,9.162739858168912,-10.385324955234287,1.0079942448226353,1.42145625270961,0.8822776271002303,6.757015742642026,197,1.534679690597729
34,2.0,1.5,3.0,85.98620523683202,9.617935853005477,-10.31189635507188,1.0162103996251017,1.3949360538545632,0.9327029211532871,6.757015742642026,164,1.6343028846582266
34,2.0,2.0,1.0,37.43104404722226,4.817977088297343,-15.386084210732498,0.5361359278838473,0.7584690261856539,0.31313861423796074,6.757015742642026,314,1.179890617572563
34,2.0,2.0,1.5,65.34628707194179,7.726150081277616,-13.635602054461316,0.8190932908415514,1.1596386471805034,0.566615984422174,6.757015742642026,236,1.3440659065326057
34,2.0,2.0,2.0,75.75898119459978,8.704220116368644,-11.11230363641721,0.9134560456001016,1.2831666136730275,0.7832957414737299,6.757015742642026,191,1.4621023102668658
34,2.0,2.0,3.0,82.19887373445663,9.284679728912781,-11.514715373831109,0.94688746017606,1.3161365521609887,0.8063316745122148,6.757015742642026,156,1.5697272898930132
34,2.5,0.75,1.0,30.02096811389816,3.961691195259265,-9.435865179337622,0.6302237645095269,0.7881217061187268,0.4198545782462491,6.757015742642026,332,1.2336390272657363
34,2.5,0.75,1.5,54.91547904711089,6.692269717139432,-7.705415297995433,1.0175764066169979,1.3357185601160326,0.8685151232381243,6.757015742642026,266,1.5077093380409872
34,2.5,0.75,2.0,56.839561738041986,6.8873532116951575,-7.337331104425893,1.0306284493793185,1.3632722107523374,0.938672810818186,6.757015742642026,238,1.606593231014972
34,2.5,0.75,3.0,68.98334885894783,8.073597078123385,-8.153213105703683,1.1259396198807101,1.4647623511546204,0.9902350120684811,6.757015742642026,199,1.8204053111117227
34,2.5,1.0,1.0,35.87081740634621,4.641009480029301,-8.947634075337064,0.6991553988687208,0.9183663557196573,0.518685659354534,6.757015742642026,319,1.2551324703635354
34,2.5,1.0,1.5,58.48487266034612,7.052561220724951,-8.334426923025651,1.0314617678861355,1.408031164399708,0.8461962995008967,6.757015742642026,247,1.4985311455305297
34,2.5,1.0,2.0,66.84509818210276,7.870112029997789,-7.979114007657939,1.140004792239082,1.583822545793344,0.9863390875784535,6.757015742642026,211,1.684125632094071
34,2.5,1.0,3.0,75.80871196153703,8.708771534777071,-8.296107540376173,1.1918876101144336,1.597966492279928,1.0497418810439125,6.757015742642026,176,1.8634687834919323
34,2.5,1.5,1.0,30.426515670195897,4.00961711534602,-9.518081639603471,0.5703614217171542,0.7823995176942898,0.4212631565023079,6.757015742642026,314,1.1988788806170696
34,2.5,1.5,1.5,47.34547467663537,5.904128771913109,-9.279859179688433,0.8156902667599387,1.1342436625752534,0.6362304273793233,6.757015742642026,236,1.358125758521888
34,2.5,1.5,2.0,59.935326579607874,7.196995828402453,-8.396857962353332,0.9839195536823061,1.3800003441984905,0.8571058198994946,6.757015742642026,196,1.5388010981461784
34,2.5,1.5,3.0,64.93383964596437,7.686339151149624,-8.348539819112045,1.0071361908104746,1.372299650171745,0.9206806600542928,6.757015742642026,163,1.6611151774716884
34,2.5,2.0,1.0,29.88956889472023,3.946135664197814,-10.953394687050777,0.5381419164515389,0.7614916217969766,0.3602659976146919,6.757015742642026,314,1.1911083961280484
34,2.5,2.0,1.5,49.150933152990326,6.095181320612353,-10.850576493434472,0.801709237499861,1.1386074772253034,0.5617380168049559,6.757015742642026,235,1.3526771126499626
34,2.5,2.0,2.0,59.18454783132043,7.122374084323524,-8.849727561488585,0.9258270386255172,1.3073304463614654,0.8048128074945498,6.757015742642026,189,1.4991849928598342
34,2.5,2.0,3.0,62.33124716677159,7.4331528047022255,-9.33109878869659,0.9390210084541522,1.2963197580129808,0.7965999474474026,6.757015742642026,155,1.595295153314532
50,1.0,0.75,1.0,50.10220126457317,6.195052630564013,-25.29244523736104,0.4784191956353116,0.6247346561379814,0.2449368802591264,6.757015742642026,326,1.142353329815691
50,1.0,0.75,1.5,101.90944210903581,10.958723034620554,-24.34662088499332,0.7620684081086293,1.0145947770087593,0.4501126906434581,6.757015742642026,274,1.2988672899759448
50,1.0,0.75,2.0,109.16178589218659,11.53972477814047,-20.324499434938915,0.7877910646750597,1.0524810698428415,0.5677741198537495,6.757015742642026,245,1.3639043561839435
50,1.0,0.75,3.0,140.70483755329084,13.882656476258903,-17.088571597956193,0.8750448332005494,1.139358539460856,0.8123942013924254,6.757015742642026,199,1.540876477214758
50,1.0,1.0,1.0,88.55343976649806,9.840559796068483,-23.84182714353955,0.6781324576605442,0.9373241838810065,0.41274352577189083,6.757015742642026,310,1.216509056117064
50,1.0,1.0,1.5,181.26967881150634,16.538022407550134,-19.270416453322003,1.0486505383354223,1.4757713007811144,0.858207836224482,6.757015742642026,244,1.4322651143324718
50,1.0,1.0,2.0,191.1397807292766,17.134383689070965,-20.30765098192794,1.0753817261613585,1.5143757646475964,0.8437403077450509,6.757015742642026,212,1.5488829325678952
50,1.0,1.0,3.0,211.07929657040162,18.288392020139877,-16.896396809018732,1.087865875162336,1.4771673476262752,1.0823841453805194,6.757015742642026,168,1.700383775520345
50,1.0,1.5,1.0,106.66712838930508,11.341836280770723,-19.99374544074278,0.7196420888772874,1.03045703624038,0.567269214984532,6.757015742642026,306,1.225737219859174
50,1.0,1.5,1.5,180.13959028973449,16.468608449601895,-16.206942933218215,0.9818702564469827,1.3885903391902168,1.016145272890877,6.757015742642026,232,1.3773744050444447
50,1.0,1.5,2.0,195.73781154348598,17.406338263379872,-14.187815031104456,1.0381992362127483,1.4750659378812558,1.2268512258737045,6.757015742642026,194,1.4988478823679896
50,1.0,1.5,3.0,177.97858107813232,16.3352047919602,-13.86919076612816,0.9553335645047248,1.298902753365151,1.1778051847015205,6.757015742642026,159,1.54878213731189
50,1.0,2.0,1.0,98.66125135109942,10.692719568179854,-22.198064326204946,0.6564503823553404,0.9626380828340182,0.4816960348906204,6.757015742642026,305,1.2042930604712794
50,1.0,2.0,1.5,186.86139018174597,16.878027724128053,-20.27137394141706,0.9546229148475731,1.3770872341431548,0.8326040342852165,6.757015742642026,231,1.3624731869439726
50,1.0,2.0,2.0,192.3705680672869,17.2075363519826,-17.659070181784564,0.9756140577100619,1.3948211191612168,0.9744304867043496,6.757015742642026,189,1.453707693519592
50,1.0,2.0,3.0,166.53531903520644,15.613697357754308,-16.929404490286814,0.885986528084433,1.23455041632487,0.9222827280612624,6.757015742642026,153,1.5069675273290712
50,1.5,0.75,1.0,45.685489098329526,5.726701918207255,-15.107251556086077,0.5838198961802429,0.732215361737196,0.37906973991574316,6.757015742642026,315,1.2026399309491465
50,1.5,0.75,1.5,79.6100043729547,9.053466406815613,-18.091777748069603,0.8628706194006125,1.114411551272906,0.5004188384848813,6.757015742642026,253,1.3754802271190458
50,1.5,0.75,2.0,74.49403686333255,8.588080394699048,-15.275716517625282,0.8150524538630664,1.0631882094659475,0.5622047505784773,6.757015742642026,221,1.40298063093315
50,1.5,0.75,3.0,78.30840565852122,8.936145391372063,-13.561942783886959,0.8027438749856511,1.0283835630968567,0.6589133676326345,6.757015742642026,181,1.5003890899219767
50,1.5,1.0,1.0,67.83893379020058,7.964964338200509,-13.074522464926597,0.7539985228164949,1.0037840576836718,0.6091973423554958,6.757015742642026,300,1.2707002265249838
50,1.5,1.0,1.5,108.63164105584389,11.497839997575054,-16.872206716653626,1.0352998870030692,1.3915664616103178,0.6814662830218984,6.757015742642026,231,1.457385182973082
50,1.5,1.0,2.0,103.16381996832713,11.060472410496104,-12.906220157145176,1.0015488714838985,1.349260006214744,0.8569877373719504,6.757015742642026,195,1.5353474279027408
50,1.5,1.0,3.0,102.22989256548227,10.98476761369156,-13.771987779960115,0.9594782929499661,1.2579391627465266,0.7976167122131568,6.757015742642026,155,1.6155999371843928
50,1.5,1.5,1.0,59.743161824105464,7.177924566898319,-12.127343565814453,0.6466262173284811,0.883774272333878,0.5918793780306546,6.757015742642026,297,1.2191782990437383
50,1.5,1.5,1.5,95.66603070031412,10.444128025718635,-15.598967790670438,0.896732021882392,1.2223989295643687,0.6695396878737802,6.757015742642026,217,1.3754847505433851
50,1.5,1.5,2.0,101.00270998329025,10.884837188746022,-11.426596489265073,0.938880723014624,1.298092237125133,0.9525878680473213,6.757015742642026,176,1.4881844807982139
50,1.5,1.5,3.0,90.87212499369403,10.039421544911352,-11.341900512457315,0.8506895846418133,1.1338869764679707,0.8851621942799276,6.757015742642026,141,1.5279146900619582
50,1.5,2.0,1.0,59.591957260237024,7.162904625980482,-13.345804085732082,0.6182927658288356,0.8707006738045016,0.536715853160043,6.757015742642026,296,1.2117201851711685
50,1.5,2.0,1.5,98.43432846542174,10.673998066301515,-17.910957483145307,0.8735990157229947,1.2198990576842064,0.59594793166954,6.757015742642026,216,1.3637286915895013
50,1.5,2.0,2.0,99.30359124673187,10.745615032600853,-14.540396898715757,0.8835140440671367,1.23655067053374,0.7390179998147046,6.757015742642026,171,1.4474437506708364
50,1.5,2.0,3.0,93.37890259135749,10.252112817989145,-12.591389299268185,0.8369776531435509,1.14878217983337,0.8142161737930699,6.757015742642026,134,1.5174875206807816
50,2.0,0.75,1.0,33.41004179119604,4.358346864752671,-12.308818653171372,0.576650961694985,0.7203301622058675,0.35408327862802186,6.757015742642026,313,1.2109274742868696
50,2.0,0.75,1.5,51.96798253728265,6.389380370691078,-13.590287521130362,0.7975951668259345,1.0214984492111883,0.47014313426090387,6.757015742642026,249,1.3611059596453166
50,2.0,0.75,2.0,51.09851256940776,6.299076406809334,-11.840306007951263,0.7709418552769998,0.9848242497113797,0.5320028386579907,6.757015742642026,214,1.4082395938169125
50,2.0,0.75,3.0,56.04172164158812,6.806708718229104,-11.014858919717652,0.7848049666100572,0.9964482551523114,0.6179569586719303,6.757015742642026,174,1.532990512402076
50,2.0,1.0,1.0,44.683297734227125,5.618747509433852,-10.923118288906174,0.6986824424301695,0.9200853270648106,0.51439042962122,6.757015742642026,298,1.2575350352013557
50,2.0,1.0,1.5,74.11528209618668,8.55316582630814,-12.618318096200076,1.0127584244964656,1.355922282409845,0.6778372332271343,6.757015742642026,227,1.479448908913487
50,2.0,1.0,2.0,73.85182041980833,8.528841084321414,-9.988662357264266,1.0018266817283024,1.3319841340750707,0.853852175523663,6.757015742642026,189,1.581585647079477
50,2.0,1.0,3.0,72.49378484108556,8.40295668025206,-11.051268499691558,0.9473636379787863,1.2275787413937016,0.7603612816471329,6.757015742642026,151,1.6672135582756151
50,2.0,1.5,1.0,41.8654614832817,5.311763759247978,-10.57832805318113,0.6238459998533593,0.8469559282997966,0.5021364182074706,6.757015742642026,294,1.2213350550594726
50,2.0,1.5,1.5,64.97767307190865,7.690574138961792,-11.29671211176998,0.8677769772825867,1.1757036753725394,0.6807798643420352,6.757015742642026,214,1.3834470455592642
50,2.0,1.5,2.0,69.00560606643799,8.075703605321527,-8.435908420351868,0.9089387965734708,1.2351738105833543,0.9573010045768945,6.757015742642026,170,1.4987382562296203
50,2.0,1.5,3.0,64.037238707716,7.599502501143585,-8.813334606148127,0.8314470708429151,1.0914341048302272,0.862273230366429,6.757015742642026,135,1.5544221466265395
50,2.0,2.0,1.0,39.23990656602512,5.021016016894131,-11.510987476813451,0.5662083665598887,0.7861529139698964,0.4361933350208181,6.757015742642026,294,1.2011556483246175
50,2.0,2.0,1.5,66.91401402725725,7.876704913887744,-13.892683255540895,0.846758863508041,1.1758113986732346,0.5669678613558137,6.757015742642026,213,1.3740184621493319
50,2.0,2.0,2.0,68.65768544253268,8.042747689101382,-11.165977191550825,0.865220495269009,1.1981684829867534,0.7202905353583602,6.757015742642026,164,1.466498436500123
50,2.0,2.0,3.0,66.91367812823987,7.876672785491601,-10.265525951554999,0.8332595435842093,1.1319908776941974,0.7672936411308239,6.757015742642026,127,1.5566644394100388
50,2.5,0.75,1.0,24.35549429843038,3.2784900313151732,-9.636031938637723,0.534308798771973,0.6560788256574404,0.34023237492285274,6.757015742642026,313,1.1985182456827206
50,2.5,0.75,1.5,38.87620765002322,4.980373243765257,-9.581801263792556,0.7655027163052682,0.9632705474920694,0.5197742164184674,6.757015742642026,247,1.360754094546952
50,2.5,0.75,2.0,37.53496049594758,4.829702833250082,-8.668698762691063,0.7268578692805329,0.9091444773645413,0.5571427691127632,6.757015742642026,212,1.399854930253723
50,2.5,0.75,3.0,45.83107214503648,5.742331215627838,-9.977545315788117,0.8142800826251689,1.0197681933131133,0.5755254457768662,6.757015742642026,167,1.6171001639983118
50,2.5,1.0,1.0,32.74943092426889,4.281708290564645,-9.55699532462484,0.6574128058726774,0.8510034484669619,0.4480182468575942,6.757015742642026,298,1.2464407951691119
50,2.5,1.0,1.5,54.06657475934937,6.6055419811224425,-9.962197384727867,0.9701983256908879,1.2885034941416518,0.6630607411221137,6.757015742642026,226,1.4733987564473696
50,2.5,1.0,2.0,57.71971863693641,6.9759136932354915,-7.527981158369757,1.0090573689207318,1.3289373070697053,0.9266646058856741,6.757015742642026,189,1.6217989893028468
50,2.5,1.0,3.0,59.52396740670973,7.1561468859152155,-8.336089770779488,0.9928287267878931,1.2782311911929751,0.8584536734476723,6.757015742642026,147,1.7936150046988735
50,2.5,1.5,1.0,30.76141171568998,4.049098114473626,-9.580733543220521,0.5864745927696547,0.7843628418157051,0.4226292377517202,6.757015742642026,294,1.2125546447486828
50,2.5,1.5,1.5,48.56479801734315,6.033373885059423,-8.919609673440753,0.8449105898304698,1.1485471274587657,0.6764168058860853,6.757015742642026,213,1.3859596750711851
50,2.5,1.5,2.0,53.31635387031668,6.528556601160895,-6.789811744353402,0.9091956447544186,1.230397203992848,0.9615224761703042,6.757015742642026,169,1.5243401052736305
50,2.5,1.5,3.0,54.53592303615198,6.6535428090991555,-7.448771226038287,0.8936054414629548,1.1769368091682741,0.8932403220870454,6.757015742642026,131,1.6758984038549352
50,2.5,2.0,1.0,30.792011988342004,4.052701293106997,-10.335990281105811,0.5610150660772883,0.7766633577423594,0.392096082028573,6.757015742642026,294,1.2081596945917041
50,2.5,2.0,1.5,49.7598613291375,6.159173475864099,-11.225568508710381,0.8218850662746262,1.1447484900211558,0.5486736347548851,6.757015742642026,212,1.3761398511735472
50,2.5,2.0,2.0,55.55676978823962,6.757518675691143,-8.747146635856351,0.8967852436463459,1.2466455648236157,0.7725397729118528,6.757015742642026,162,1.5223561069020966
50,2.5,2.0,3.0,56.45342330492693,6.848366666488803,-8.644490055546349,0.8896676936407153,1.2077021622547064,0.7922233263597609,6.757015742642026,123,1.668319275597513
