oos_start,oos_end,best,best_is_sharpe,best_oos_sharpe,plateau,plateau_is_sharpe,plateau_oos_sharpe,ensemble_oos_sharpe,baseline_oos_sharpe,best_oos_ret,ensemble_oos_ret,baseline_oos_ret,top
2022-01-01,2022-06-30,K34 SL2.5 TP1 TR3,2.0724741740184935,1.0606294048471425,K50 SL1 TP1.5 TR3,1.627046092979316,0.6278127359648402,0.5057264307002985,1.2772014122888684,3.1199890950128095,2.117247319120752,5.9550476675019,K34 SL2.5 TP1 TR3; K34 SL1.5 TP1 TR3; K34 SL2 TP1 TR3; K34 SL1 TP1 TR3; K34 SL1.5 TP2 TR3
2022-07-01,2022-12-31,K34 SL2.5 TP1 TR3,1.8737674621753986,-0.29226069044604597,K50 SL2.5 TP0.75 TR3,1.5291510632020107,-2.6461254420809954,-0.41193803480754393,1.2742883384297803,-0.9877123372526109,-1.5849962492987202,5.91096771604962,K34 SL2.5 TP1 TR3; K34 SL2 TP1 TR3; K34 SL2.5 TP0.75 TR3; K34 SL1.5 TP1 TR3; K34 SL2 TP0.75 TR3
2023-01-01,2023-06-30,K14 SL1 TP1 TR3,1.0743624456425578,1.3947294908777483,K10 SL1 TP0.75 TR3,0.757958064315262,1.3101153065762403,1.358212850351957,0.8556131309333954,12.790818026494911,7.518954575785486,5.211703898357678,K14 SL1 TP1 TR3; K14 SL2.5 TP0.75 TR3; K34 SL2 TP1 TR3; K14 SL1 TP0.75 TR3; K34 SL2.5 TP1 TR3
2023-07-01,2023-12-31,K34 SL1.5 TP0.75 TR1.5,1.377041663833336,2.0089524752435266,K50 SL2 TP0.75 TR2,1.121165999895062,2.0601078592698587,-0.19545658589032108,-1.7138473008988913,11.772398927434867,-1.5886043625683577,-10.944498449256058,K34 SL1.5 TP0.75 TR1.5; K34 SL2 TP0.75 TR1.5; K14 SL1 TP0.75 TR3; K14 SL1 TP0.75 TR2; K10 SL1 TP0.75 TR1.5
2024-01-01,2024-06-30,K50 SL1.5 TP1 TR1.5,1.5991297333462708,1.3071577406588486,K50 SL1.5 TP0.75 TR1,1.1774881222139848,-0.5255502133797543,1.1081285975310484,0.6353932214184663,7.211808502653061,6.025979435057205,3.1693408707099913,K50 SL1.5 TP1 TR1.5; K50 SL2 TP1 TR1.5; K50 SL1 TP1 TR1.5; K50 SL1.5 TP1.5 TR1.5; K50 SL2 TP1.5 TR1.5
2024-07-01,2024-12-31,K50 SL2 TP1 TR1.5,1.7948011899934269,1.615496721358378,K50 SL1 TP0.75 TR2,1.1324733471701471,1.7575911242102291,1.9051745743970887,0.39344518206293666,7.219896488470434,10.238885533007958,1.8838135180016868,K50 SL2 TP1 TR1.5; K50 SL1.5 TP1 TR1.5; K50 SL2.5 TP1 TR1.5; K50 SL1 TP1 TR1.5; K50 SL2 TP1.5 TR1.5
2025-01-01,2025-06-30,K50 SL1 TP1 TR1.5,2.4454585080005398,0.3824699245470302,K50 SL2.5 TP0.75 TR2,1.695133943035121,-0.02114308924222151,0.5572034479098824,-0.5176479132410751,2.190387236300717,2.549422416863978,-2.7063202355116167,K50 SL1 TP1 TR1.5; K50 SL2 TP1 TR1.5; K50 SL1.5 TP1 TR1.5; K50 SL2.5 TP1 TR1.5; K50 SL1 TP1 TR2
2025-07-01,2025-12-31,K50 SL1 TP1 TR1.5,1.6981042870028313,-0.8825475383231922,K50 SL1 TP0.75 TR2,1.2107653871752326,-0.9477323270288627,-0.9003329184684685,0.920522836005586,-6.8721308687556775,-4.946435800472903,4.505399545879252,K50 SL1 TP1 TR1.5; K50 SL2 TP1 TR1.5; K50 SL2.5 TP1 TR1.5; K50 SL1.5 TP1 TR1.5; K50 SL1 TP1 TR2
2026-01-01,2026-06-30,K50 SL1 TP1 TR2,0.8719957090273746,0.44692694333196775,K50 SL1 TP0.75 TR2,0.5065725041800545,-0.08121189525037312,1.7330957532453692,3.0984190489782955,3.0159366679929356,12.403068174570686,17.560883864204136,K50 SL1 TP1 TR2; K34 SL1 TP1 TR1.5; K34 SL1 TP1 TR2; K50 SL1 TP1 TR1.5; K10 SL1 TP1.5 TR1.5
2026-07-01,2026-10-03,K10 SL1 TP1.5 TR1.5,1.2543569650802704,-0.2359221157700757,K10 SL1 TP2 TR1,0.9658327001189237,-0.7680415287265152,-0.572967454753122,0.6152058686065601,-1.9095288114986064,-2.312022741183972,1.9532637321413082,K10 SL1 TP1.5 TR1.5; K10 SL1.5 TP1.5 TR1; K10 SL2.5 TP1.5 TR1; K10 SL2 TP1.5 TR1; K10 SL1.5 TP1.5 TR1.5
